url,image_url,name,category
https://www.diffordsguide.com/beer-wine-spirits/242/highland-park-1978-vintage,https://cdn.diffords.com/contrib/bws/2017/10/59db8159d9a0a.jpg,Highland Park 1978 Vintage,"Category: Spirits
Sub category: Whisk(e)y
alc./vol: 47.8"
https://www.diffordsguide.com/beer-wine-spirits/292/lagavulin-16yo-islay-single-malt-whisky,https://cdn.diffords.com/contrib/bws/2019/03/5c825d3e10caf.jpg,Lagavulin 16yo Islay single malt whisky,"Category: Spirits
Sub category: Whisk(e)y
alc./vol: 43"
https://www.diffordsguide.com/beer-wine-spirits/356/longrow-cv,https://cdn.diffords.com/contrib/bws/2017/10/59db82068072a.jpg,Longrow CV,"Category: Spirits
Sub category: Whisk(e)y
alc./vol: 46"
https://www.diffordsguide.com/beer-wine-spirits/468/auchentoshan-1975-limited-edition,https://cdn.diffords.com/contrib/bws/2017/10/59db82a13f1fa.jpg,Auchentoshan 1975 Limited Edition,"Category: Spirits
Sub category: Whisk(e)y
alc./vol: 46.9"
https://www.diffordsguide.com/beer-wine-spirits/596/highland-park-18-year-old,https://cdn.diffords.com/contrib/bws/2017/10/59db836bedd78.jpg,Highland Park 18 Year Old,"Category: Spirits
Sub category: Whisk(e)y
alc./vol: 43"
https://www.diffordsguide.com/beer-wine-spirits/614/talisker-25-year-old,https://cdn.diffords.com/contrib/bws/2017/10/59db837bee5f8.jpg,Talisker 25 Year Old,"Category: Spirits
Sub category: Whisk(e)y
alc./vol: 54.8"
https://www.diffordsguide.com/beer-wine-spirits/667/glenfarclas-1957,https://cdn.diffords.com/contrib/bws/2017/10/59db83b51f8b8.jpg,Glenfarclas 1957,"Category: Spirits
Sub category: Whisk(e)y
alc./vol: 54"
https://www.diffordsguide.com/beer-wine-spirits/671/glengoyne-40-year-old,https://cdn.diffords.com/contrib/bws/2017/10/59db83b7906fd.jpg,Glengoyne 40 Year Old,"Category: Spirits
Sub category: Whisk(e)y
alc./vol: 45.9"
https://www.diffordsguide.com/beer-wine-spirits/673/the-glenlivet-cellar-collection-1973-bottled-2010,https://cdn.diffords.com/contrib/bws/2017/10/59db83b903573.jpg,The Glenlivet Cellar Collection 1973 (bottled 2010,"Category: Spirits
Sub category: Whisk(e)y
alc./vol: 55.9"
https://www.diffordsguide.com/beer-wine-spirits/771/highland-park-21-year-old,https://cdn.diffords.com/contrib/bws/2017/10/59db845d53f3b.jpg,Highland Park 21 Year Old,"Category: Spirits
Sub category: Whisk(e)y
alc./vol: 47.5"
https://www.diffordsguide.com/beer-wine-spirits/833/ardbeg-alligator-2011,https://cdn.diffords.com/contrib/bws/2017/10/59db84db04abb.jpg,Ardbeg Alligator 2011,"Category: Spirits
Sub category: Whisk(e)y
alc./vol: 51.2"
https://www.diffordsguide.com/beer-wine-spirits/1003/the-dalmore-40-years-old,https://cdn.diffords.com/contrib/bws/2017/10/59db85ac9c23d.jpg,The Dalmore 40 Years Old,"Category: Spirits
Sub category: Whisk(e)y
alc./vol: 40"
https://www.diffordsguide.com/beer-wine-spirits/1021/the-glenlivet-cellar-collection-1959-bottled-2001,https://cdn.diffords.com/contrib/bws/2017/10/59db85bd9127e.jpg,The Glenlivet Cellar Collection 1959 (bottled 2001,"Category: Spirits
Sub category: Whisk(e)y
alc./vol: 48.2"
https://www.diffordsguide.com/beer-wine-spirits/1108/port-ellen-32-year-old-distilled-1978,https://cdn.diffords.com/images/themes/default-v5/beer_wine_spirits/no-bottle-small.jpg,Port Ellen 32 year old (distilled 1978),"Category: Spirits
Sub category: Whisk(e)y
alc./vol: 53.9"
https://www.diffordsguide.com/beer-wine-spirits/1192/wemyss-lemon-grove-cragganmore-1989-22yo,https://cdn.diffords.com/contrib/bws/2017/10/59db867665811.jpg,Wemyss Lemon Grove ‘Cragganmore’ 1989 (22yo),"Category: Spirits
Sub category: Whisk(e)y
alc./vol: 46"
https://www.diffordsguide.com/beer-wine-spirits/1208/glenfiddich-1974-vintage-reserve,https://cdn.diffords.com/contrib/bws/2017/10/59db868b12403.jpg,Glenfiddich 1974 Vintage Reserve,"Category: Spirits
Sub category: Whisk(e)y
alc./vol: 48.6"
https://www.diffordsguide.com/beer-wine-spirits/1224/highland-park-orcadian-1970-vintage,https://cdn.diffords.com/contrib/bws/2017/10/59db86a104221.jpg,Highland Park Orcadian 1970 Vintage,"Category: Spirits
Sub category: Whisk(e)y
alc./vol: 48"
https://www.diffordsguide.com/beer-wine-spirits/7013/glenfiddich-grand-cru-23-year-old,https://cdn.diffords.com/contrib/bws/2021/04/60808d1cbe0ea.jpg,Glenfiddich Grand Cru 23 Year Old,"Category: Spirits
Sub category: Whisk(e)y
alc./vol: 40"
https://www.diffordsguide.com/beer-wine-spirits/1327/highland-park-orcadian-1971-vintage-40yo,https://cdn.diffords.com/contrib/bws/2017/10/59db873f73880.jpg,Highland Park Orcadian 1971 Vintage (40yo),"Category: Spirits
Sub category: Whisk(e)y
alc./vol: 47.6"
https://www.diffordsguide.com/beer-wine-spirits/1707/springbank-12-year-old-cask-strength-1st-batch,https://cdn.diffords.com/contrib/bws/2017/10/59db897380435.jpg,Springbank 12-year-old Cask Strength (1st batch),"Category: Spirits
Sub category: Whisk(e)y
alc./vol: 58.5"
https://www.diffordsguide.com/beer-wine-spirits/1816/ardbeg-supernova-2010,https://cdn.diffords.com/contrib/bws/2017/10/59db8a1e7ee31.jpg,Ardbeg Supernova 2010,"Category: Spirits
Sub category: Whisk(e)y
alc./vol: 60.1"
https://www.diffordsguide.com/beer-wine-spirits/1929/glen-garioch-1978,https://cdn.diffords.com/contrib/bws/2017/10/59db8ab628f57.jpg,Glen Garioch 1978,"Category: Spirits
Sub category: Whisk(e)y
alc./vol: 57.8"
https://www.diffordsguide.com/beer-wine-spirits/1974/highland-park-1973,https://cdn.diffords.com/contrib/bws/2017/10/59db8ad598f08.jpg,Highland Park 1973,"Category: Spirits
Sub category: Whisk(e)y
alc./vol: 50.6"
https://www.diffordsguide.com/beer-wine-spirits/2044/the-glenlivet-cellar-collection-1980-bottled-2011,https://cdn.diffords.com/contrib/bws/2017/10/59db8b13772f2.jpg,The Glenlivet Cellar Collection 1980 (bottled 2011,"Category: Spirits
Sub category: Whisk(e)y
alc./vol: 43.3"
https://www.diffordsguide.com/beer-wine-spirits/2242/wemyss-tullibardine-rum-and-raisin-1989-bottled-201,https://cdn.diffords.com/images/themes/default-v5/beer_wine_spirits/no-bottle-small.jpg,Wemyss Tullibardine Rum & Raisin 1989 (bottled 201,"Category: Spirits
Sub category: Whisk(e)y
alc./vol: 46"
https://www.diffordsguide.com/beer-wine-spirits/2556/longrow-1997-burgundy-wood-14-year-old,https://cdn.diffords.com/images/themes/default-v5/beer_wine_spirits/no-bottle-small.jpg,Longrow 1997 Burgundy Wood (14 Year Old),"Category: Spirits
Sub category: Whisk(e)y
alc./vol: 56.1"
https://www.diffordsguide.com/beer-wine-spirits/2809/wemyss-fresh-fruit-sorbet-single-cask-1997-clyneli,https://cdn.diffords.com/contrib/bws/2017/10/59db8e76f4194.jpg,Wemyss Fresh Fruit Sorbet Single Cask 1997 Clyneli,"Category: Spirits
Sub category: Whisk(e)y
alc./vol: 46"
https://www.diffordsguide.com/beer-wine-spirits/3050/the-balvenie-fifty,https://cdn.diffords.com/contrib/bws/2017/10/59db8fa15cd8d.jpg,The Balvenie Fifty,"Category: Spirits
Sub category: Whisk(e)y
alc./vol: 44.1"
https://www.diffordsguide.com/beer-wine-spirits/3167/glen-garioch-1995,https://cdn.diffords.com/contrib/bws/2017/10/59db906a4004b.jpg,Glen Garioch 1995,"Category: Spirits
Sub category: Whisk(e)y
alc./vol: 55.3"
https://www.diffordsguide.com/beer-wine-spirits/3202/speyburn-25-year-old,https://cdn.diffords.com/contrib/bws/2017/10/59db90a0b8227.jpg,Speyburn 25 Year Old,"Category: Spirits
Sub category: Whisk(e)y
alc./vol: 46"
https://www.diffordsguide.com/beer-wine-spirits/3394/caol-ila-25-year-old,https://cdn.diffords.com/contrib/bws/2017/10/59db919748f31.jpg,Caol Ila 25 Year Old,"Category: Spirits
Sub category: Whisk(e)y
alc./vol: 43"
https://www.diffordsguide.com/beer-wine-spirits/3594/jura-1977,https://cdn.diffords.com/images/themes/default-v5/beer_wine_spirits/no-bottle-small.jpg,Jura 1977,"Category: Spirits
Sub category: Whisk(e)y
alc./vol: 46"
https://www.diffordsguide.com/beer-wine-spirits/3948/the-arran-the-devils-punchbowl-chapter-ii,https://cdn.diffords.com/contrib/bws/2017/10/59db9482b3ac5.jpg,The Arran The Devil's Punchbowl Chapter II,"Category: Spirits
Sub category: Whisk(e)y
alc./vol: 53.1"
https://www.diffordsguide.com/beer-wine-spirits/3961/the-scotch-malt-whisky-society-12732,https://cdn.diffords.com/images/themes/default-v5/beer_wine_spirits/no-bottle-small.jpg,The Scotch Malt Whisky Society 127.32,"Category: Spirits
Sub category: Whisk(e)y
alc./vol: 65.2"
https://www.diffordsguide.com/beer-wine-spirits/3978/glen-garioch-virgin-oak,https://cdn.diffords.com/contrib/bws/2017/10/59db94b052a19.jpg,Glen Garioch Virgin Oak,"Category: Spirits
Sub category: Whisk(e)y
alc./vol: 48"
https://www.diffordsguide.com/beer-wine-spirits/4007/glengoyne-18-year-old,https://cdn.diffords.com/contrib/bws/2017/10/59db94e39df69.jpg,Glengoyne 18 Year Old,"Category: Spirits
Sub category: Whisk(e)y
alc./vol: 43"
https://www.diffordsguide.com/beer-wine-spirits/4075/lagavulin-21yo-special-release-2012,https://cdn.diffords.com/images/themes/default-v5/beer_wine_spirits/no-bottle-small.jpg,Lagavulin 21yo Special Release 2012,"Category: Spirits
Sub category: Whisk(e)y
alc./vol: 52"
https://www.diffordsguide.com/beer-wine-spirits/4079/glenfarclas-1973-family-cask-bot-2011,https://cdn.diffords.com/contrib/bws/2017/10/59db951a488b1.jpg,Glenfarclas 1973 Family Cask Bot. 2011,"Category: Spirits
Sub category: Whisk(e)y
alc./vol: 56.5"
https://www.diffordsguide.com/beer-wine-spirits/4080/lagavulin-feis-ile-2013-bot-2013-distilled-1995,https://cdn.diffords.com/images/themes/default-v5/beer_wine_spirits/no-bottle-small.jpg,"Lagavulin Feis Ile 2013, Bot. 2013, Distilled 1995","Category: Spirits
Sub category: Whisk(e)y
alc./vol: 51"
https://www.diffordsguide.com/beer-wine-spirits/4081/caol-ila-distillers-edition,https://cdn.diffords.com/contrib/bws/2017/10/59db951a72572.jpg,Caol Ila Distillers Edition,"Category: Spirits
Sub category: Whisk(e)y
alc./vol: 43"
https://www.diffordsguide.com/beer-wine-spirits/4082/caol-ila-feis-ile-2013-distilled-1998,https://cdn.diffords.com/contrib/bws/2017/10/59db951a99134.jpg,Caol Ila Feis Ile 2013 Distilled 1998,"Category: Spirits
Sub category: Whisk(e)y
alc./vol: 56.5"
https://www.diffordsguide.com/beer-wine-spirits/4084/highland-park-linn-40-year-old-limited-edition,https://cdn.diffords.com/contrib/bws/2017/10/59db951bc64e2.jpg,Highland Park Linn 40 Year Old Limited Edition,"Category: Spirits
Sub category: Whisk(e)y
alc./vol: 48.3"
https://www.diffordsguide.com/beer-wine-spirits/4107/douglas-laing-old-particular-single-cask-macduff-2,https://cdn.diffords.com/images/themes/default-v5/beer_wine_spirits/no-bottle-small.jpg,Douglas Laing Old Particular Single Cask Macduff 2,"Category: Spirits
Sub category: Whisk(e)y
alc./vol: 41.9"
https://www.diffordsguide.com/beer-wine-spirits/4129/the-dalmore-25-year-old,https://cdn.diffords.com/contrib/bws/2017/10/59db954820946.jpg,The Dalmore 25 Year Old,"Category: Spirits
Sub category: Whisk(e)y
alc./vol: 42"
https://www.diffordsguide.com/beer-wine-spirits/4173/convalmore-36-year-old-distilled-1977,https://cdn.diffords.com/contrib/bws/2017/10/59db957f7d406.jpg,"Convalmore 36 Year Old, Distilled 1977","Category: Spirits
Sub category: Whisk(e)y
alc./vol: 58"
https://www.diffordsguide.com/beer-wine-spirits/4175/lagavulin-37-year-old-distilled-1976,https://cdn.diffords.com/contrib/bws/2017/10/59db95810ae2f.jpg,"Lagavulin 37 Year Old, Distilled 1976","Category: Spirits
Sub category: Whisk(e)y
alc./vol: 51"
https://www.diffordsguide.com/beer-wine-spirits/4177/port-ellen-34-year-old-distilled-1978,https://cdn.diffords.com/contrib/bws/2017/10/59db9582b8580.jpg,"Port Ellen 34 Year Old, Distilled 1978","Category: Spirits
Sub category: Whisk(e)y
alc./vol: 55"
https://www.diffordsguide.com/beer-wine-spirits/4200/signatory-caol-ila-1984-sherry-cask-29-year-old,https://cdn.diffords.com/contrib/bws/2017/10/59db9593414b6.jpg,"Signatory Caol Ila 1984, Sherry Cask 29 Year Old","Category: Spirits
Sub category: Whisk(e)y
alc./vol: 54.7"
https://www.diffordsguide.com/beer-wine-spirits/4218/bowmore-50-year-old-1961,https://cdn.diffords.com/contrib/bws/2017/10/59db95afac4f2.jpg,Bowmore 50 Year Old 1961,"Category: Spirits
Sub category: Whisk(e)y
alc./vol: 40.7"
https://www.diffordsguide.com/beer-wine-spirits/4224/signatory-balmenach-1988-25-year-old,https://cdn.diffords.com/contrib/bws/2017/10/59db95b7bf8d0.jpg,"Signatory Balmenach 1988, 25 Year Old","Category: Spirits
Sub category: Whisk(e)y
alc./vol: 55.6"
https://www.diffordsguide.com/beer-wine-spirits/4280/signatory-clynelish-17-year-old-1995,https://cdn.diffords.com/contrib/bws/2017/10/59db95e6983f9.jpg,Signatory Clynelish 17 Year Old 1995,"Category: Spirits
Sub category: Whisk(e)y
alc./vol: 56.2"
https://www.diffordsguide.com/beer-wine-spirits/4302/de-vere-glenturret-1977,https://cdn.diffords.com/contrib/bws/2017/10/59db95fc53e81.jpg,De Vere Glenturret 1977,"Category: Spirits
Sub category: Whisk(e)y
alc./vol: 48"
https://www.diffordsguide.com/beer-wine-spirits/4303/de-vere-glenlivet-35-year-old-1977,https://cdn.diffords.com/contrib/bws/2017/10/59db95fcc005e.jpg,De Vere Glenlivet 35 Year Old 1977,"Category: Spirits
Sub category: Whisk(e)y
alc./vol: 48"
https://www.diffordsguide.com/beer-wine-spirits/4780/mortlach-18-year-old,https://cdn.diffords.com/contrib/bws/2017/10/59db97f94dbed.jpg,Mortlach 18 Year Old,"Category: Spirits
Sub category: Whisk(e)y
alc./vol: 43.4"
https://www.diffordsguide.com/beer-wine-spirits/4781/mortlach-25-year-old,https://cdn.diffords.com/contrib/bws/2017/10/59db97f999a0d.jpg,Mortlach 25 Year Old,"Category: Spirits
Sub category: Whisk(e)y
alc./vol: 43.4"
https://www.diffordsguide.com/beer-wine-spirits/4797/cragganmore-25-year-old-distilled-1988,https://cdn.diffords.com/contrib/bws/2017/10/59db9805470c9.jpg,Cragganmore 25 Year Old Distilled 1988,"Category: Spirits
Sub category: Whisk(e)y
alc./vol: 51.4"
https://www.diffordsguide.com/beer-wine-spirits/4800/clynelish-select-reserve,https://cdn.diffords.com/contrib/bws/2017/10/59db9806d7a8e.jpg,Clynelish Select Reserve,"Category: Spirits
Sub category: Whisk(e)y
alc./vol: 54.9"
https://www.diffordsguide.com/beer-wine-spirits/4802/caol-ila-30-year-old-distilled-1983,https://cdn.diffords.com/contrib/bws/2017/10/59db9807d7706.jpg,Caol Ila 30 Year Old Distilled 1983,"Category: Spirits
Sub category: Whisk(e)y
alc./vol: 55.1"
https://www.diffordsguide.com/beer-wine-spirits/4803/brora-35-year-old-distilled-1978,https://cdn.diffords.com/contrib/bws/2017/10/59db9808522e2.jpg,Brora 35 Year Old Distilled 1978,"Category: Spirits
Sub category: Whisk(e)y
alc./vol: 48.6"
https://www.diffordsguide.com/beer-wine-spirits/4859/glenfiddich-excellence-26-year-old,https://cdn.diffords.com/contrib/bws/2017/10/59db9821c300e.jpg,Glenfiddich Excellence 26 Year Old,"Category: Spirits
Sub category: Whisk(e)y
alc./vol: 43.1"
https://www.diffordsguide.com/beer-wine-spirits/4915/craigellachie-23-year-old,https://cdn.diffords.com/contrib/bws/2017/10/59db983916935.jpg,Craigellachie 23 Year Old,"Category: Spirits
Sub category: Whisk(e)y
alc./vol: 46"
https://www.diffordsguide.com/beer-wine-spirits/5029/highland-park-odin-16-year-old,https://cdn.diffords.com/contrib/bws/2017/10/59db994526f64.jpg,Highland Park Odin 16 year old,"Category: Spirits
Sub category: Whisk(e)y
alc./vol: 55.8"
https://www.diffordsguide.com/beer-wine-spirits/5225/clynelish-select-reserve-2015-release,https://cdn.diffords.com/contrib/bws/2017/10/59db9aeecf987.jpg,Clynelish Select Reserve 2015 release,"Category: Spirits
Sub category: Whisk(e)y
alc./vol: 56.1"
https://www.diffordsguide.com/beer-wine-spirits/5227/dailuaine-34-year-old-distilled-1980,https://cdn.diffords.com/contrib/bws/2017/10/59db9af553a31.jpg,Dailuaine 34 Year Old Distilled 1980,"Category: Spirits
Sub category: Whisk(e)y
alc./vol: 50.9"
https://www.diffordsguide.com/beer-wine-spirits/5228/caol-ila-17-year-old-distilled-1997,https://cdn.diffords.com/contrib/bws/2017/10/59db9af9a2899.jpg,Caol Ila 17 Year Old Distilled 1997,"Category: Spirits
Sub category: Whisk(e)y
alc./vol: 55.9"
https://www.diffordsguide.com/beer-wine-spirits/5229/brora-37-year-old-distilled-1977,https://cdn.diffords.com/contrib/bws/2017/10/59db9afbd34f3.jpg,Brora 37 Year Old Distilled 1977,"Category: Spirits
Sub category: Whisk(e)y
alc./vol: 50.4"
https://www.diffordsguide.com/beer-wine-spirits/5231/port-ellen-32-year-old-distilled-1983,https://cdn.diffords.com/contrib/bws/2017/10/59db9b003ca95.jpg,Port Ellen 32 Year Old Distilled 1983,"Category: Spirits
Sub category: Whisk(e)y
alc./vol: 53.9"
https://www.diffordsguide.com/beer-wine-spirits/5392/port-askaig-30-year-old-2015-release,https://cdn.diffords.com/contrib/bws/2017/10/59db9c0d2bbfd.jpg,Port Askaig 30 Year Old 2015 Release,"Category: Spirits
Sub category: Whisk(e)y
alc./vol: 45.8"
https://www.diffordsguide.com/beer-wine-spirits/5505/craigellachie-31-year-old,https://cdn.diffords.com/contrib/bws/2017/10/59db9cd79d179.jpg,Craigellachie 31 Year Old,"Category: Spirits
Sub category: Whisk(e)y
alc./vol: 52.2"
https://www.diffordsguide.com/beer-wine-spirits/5558/compass-box-enlightenment,https://cdn.diffords.com/contrib/bws/2017/10/59db9d550def7.jpg,Compass Box Enlightenment,"Category: Spirits
Sub category: Whisk(e)y
alc./vol: 46"
https://www.diffordsguide.com/beer-wine-spirits/5678/brora-38-year-old-distilled-1977,https://cdn.diffords.com/contrib/bws/2017/10/59db9e654e469.jpg,Brora 38 Year Old (Distilled 1977),"Category: Spirits
Sub category: Whisk(e)y
alc./vol: 48.6"
https://www.diffordsguide.com/beer-wine-spirits/5685/linkwood-37-year-old-distilled-1978,https://cdn.diffords.com/contrib/bws/2017/10/59db9e757e7e3.jpg,Linkwood 37 Year Old (Distilled 1978),"Category: Spirits
Sub category: Whisk(e)y
alc./vol: 50.3"
https://www.diffordsguide.com/beer-wine-spirits/5686/mannochmore-25-year-old-distilled-1990,https://cdn.diffords.com/contrib/bws/2017/10/59db9e7682a8c.jpg,Mannochmore 25 Year Old (Distilled 1990),"Category: Spirits
Sub category: Whisk(e)y
alc./vol: 53.4"
https://www.diffordsguide.com/beer-wine-spirits/5687/port-ellen-16th-release-37-year-old,https://cdn.diffords.com/contrib/bws/2017/10/59db9e779647e.jpg,"Port Ellen 16th Release, 37 Year Old","Category: Spirits
Sub category: Whisk(e)y
alc./vol: 55.2"
https://www.diffordsguide.com/beer-wine-spirits/5798/lagavulin-1991-single-cask-200th-anniversary,https://cdn.diffords.com/contrib/bws/2017/10/59db9f4e94655.jpg,Lagavulin 1991 Single Cask 200th Anniversary,"Category: Spirits
Sub category: Whisk(e)y
alc./vol: 52.7"
https://www.diffordsguide.com/beer-wine-spirits/6156/rascally-liquor-new-make-peaty-malt-spirit,https://cdn.diffords.com/contrib/bws/2018/02/5a8fd88c4e783.jpg,Rascally Liquor New Make Peaty Malt Spirit,"Category: Spirits
Sub category: Whisk(e)y
alc./vol: 63.5"
https://www.diffordsguide.com/beer-wine-spirits/8566/berry-bros-and-rudd-bowmore-1997,https://cdn.diffords.com/contrib/bws/2024/05/6633b534ea2ad.jpg,Berry Bros. & Rudd Bowmore 1997,"Category: Spirits
Sub category: Whisk(e)y
alc./vol: 53"
https://www.diffordsguide.com/beer-wine-spirits/106/glenmorangie-finealta,https://cdn.diffords.com/contrib/bws/2017/10/59db80bdd08b3.jpg,Glenmorangie Finealta,"Category: Spirits
Sub category: Whisk(e)y
alc./vol: 46"
https://www.diffordsguide.com/beer-wine-spirits/259/monkey-shoulder,https://cdn.diffords.com/contrib/bws/2021/02/601e73ab26687.jpg,Monkey Shoulder,"Category: Spirits
Sub category: Whisk(e)y
alc./vol: 40"
https://www.diffordsguide.com/beer-wine-spirits/467/highland-park-earl-haakon,https://cdn.diffords.com/contrib/bws/2017/10/59db829da6db2.jpg,Highland Park Earl Haakon,"Category: Spirits
Sub category: Whisk(e)y
alc./vol: 54.9"
https://www.diffordsguide.com/beer-wine-spirits/599/the-singleton-of-glendullan-12-year-old,https://cdn.diffords.com/contrib/bws/2017/10/59db836dd3402.jpg,The Singleton of Glendullan 12 Year Old,"Category: Spirits
Sub category: Whisk(e)y
alc./vol: 40"
https://www.diffordsguide.com/beer-wine-spirits/613/talisker-30-year-old,https://cdn.diffords.com/contrib/bws/2017/10/59db8379d8902.jpg,Talisker 30 Year Old,"Category: Spirits
Sub category: Whisk(e)y
alc./vol: 53.1"
https://www.diffordsguide.com/beer-wine-spirits/658/highland-park-40-year-old,https://cdn.diffords.com/contrib/bws/2017/10/59db83ac6f6ec.jpg,Highland Park 40 Year Old,"Category: Spirits
Sub category: Whisk(e)y
alc./vol: 48.3"
https://www.diffordsguide.com/beer-wine-spirits/662/glenrothes-john-ramsay-legacy-bottling,https://cdn.diffords.com/contrib/bws/2017/10/59db83ae98f14.jpg,Glenrothes John Ramsay Legacy Bottling,"Category: Spirits
Sub category: Whisk(e)y
alc./vol: 46.7"
https://www.diffordsguide.com/beer-wine-spirits/666/glenfarclas-1962,https://cdn.diffords.com/contrib/bws/2017/10/59db83b3a45bf.jpg,Glenfarclas 1962,"Category: Spirits
Sub category: Whisk(e)y
alc./vol: 54.8"
https://www.diffordsguide.com/beer-wine-spirits/672/the-glenlivet-18-year-old,https://cdn.diffords.com/contrib/bws/2020/08/5f3bb2af62e15.png,The Glenlivet 18 Year Old,"Category: Spirits
Sub category: Whisk(e)y
alc./vol: 43"
https://www.diffordsguide.com/beer-wine-spirits/769/jura-prophecy,https://cdn.diffords.com/contrib/bws/2017/10/59db8457e4a79.jpg,Jura Prophecy,"Category: Spirits
Sub category: Whisk(e)y
alc./vol: 46"
https://www.diffordsguide.com/beer-wine-spirits/1004/jura-1976-feith-a-chaorainn,https://cdn.diffords.com/contrib/bws/2017/10/59db85ad91f59.jpg,Jura 1976 Feith A’ Chaorainn,"Category: Spirits
Sub category: Whisk(e)y
alc./vol: 46"
https://www.diffordsguide.com/beer-wine-spirits/1086/johnnie-walker-green-label-15yo,https://cdn.diffords.com/contrib/bws/2017/10/59db860194934.jpg,Johnnie Walker Green Label 15yo,"Category: Spirits
Sub category: Whisk(e)y
alc./vol: 43"
https://www.diffordsguide.com/beer-wine-spirits/1092/glenmorangie-nectar-dor-15-year-old,https://cdn.diffords.com/contrib/bws/2017/10/59db86089cc7a.jpg,Glenmorangie Nectar D’or 15 year old,"Category: Spirits
Sub category: Whisk(e)y
alc./vol: 46"
https://www.diffordsguide.com/beer-wine-spirits/1109/rosebank-21-year-old-distilled-1990,https://cdn.diffords.com/contrib/bws/2017/10/59db860ed7abf.jpg,Rosebank 21 year old (distilled 1990),"Category: Spirits
Sub category: Whisk(e)y
alc./vol: 53.8"
https://www.diffordsguide.com/beer-wine-spirits/1197/master-of-malt-movember-2011,https://cdn.diffords.com/images/themes/default-v5/beer_wine_spirits/no-bottle-small.jpg,Master of Malt Movember 2011,"Category: Spirits
Sub category: Whisk(e)y
alc./vol: 53"
https://www.diffordsguide.com/beer-wine-spirits/1294/dalwhinnie-15-year-old,https://cdn.diffords.com/contrib/bws/2017/10/59db87246d614.jpg,Dalwhinnie 15 Year Old,"Category: Spirits
Sub category: Whisk(e)y
alc./vol: 43"
https://www.diffordsguide.com/beer-wine-spirits/1305/ardbeg-ten-10-year-old,https://cdn.diffords.com/contrib/bws/2017/10/59db872de531b.jpg,Ardbeg Ten (10 Year Old),"Category: Spirits
Sub category: Whisk(e)y
alc./vol: 46"
https://www.diffordsguide.com/beer-wine-spirits/1326/highland-park-orcadian-1976-vintage-35yo,https://cdn.diffords.com/contrib/bws/2017/10/59db873ec27bf.jpg,Highland Park Orcadian 1976 Vintage (35yo),"Category: Spirits
Sub category: Whisk(e)y
alc./vol: 49.1"
https://www.diffordsguide.com/beer-wine-spirits/1344/the-glenrothes-select-reserve,https://cdn.diffords.com/contrib/bws/2017/10/59db875543ee5.jpg,The Glenrothes Select Reserve,"Category: Spirits
Sub category: Whisk(e)y
alc./vol: 43"
https://www.diffordsguide.com/beer-wine-spirits/1345/aberfeldy-21-year-old-single-malt-whisky,https://cdn.diffords.com/contrib/bws/2020/08/5f2abf29f0b3d.png,Aberfeldy 21 Year Old Single Malt Whisky,"Category: Spirits
Sub category: Whisk(e)y
alc./vol: 40"
https://www.diffordsguide.com/beer-wine-spirits/1708/balblair-1989-3rd-release-bottled-2012,https://cdn.diffords.com/contrib/bws/2017/10/59db897410043.jpg,Balblair 1989 (3rd Release) Bottled 2012,"Category: Spirits
Sub category: Whisk(e)y
alc./vol: 46"
https://www.diffordsguide.com/beer-wine-spirits/1814/scapa-12-year-old,https://cdn.diffords.com/images/themes/default-v5/beer_wine_spirits/no-bottle-small.jpg,Scapa 12 year old,"Category: Spirits
Sub category: Whisk(e)y
alc./vol: 40"
https://www.diffordsguide.com/beer-wine-spirits/1884/the-glenlivet-archive-21-years-old,https://cdn.diffords.com/contrib/bws/2017/10/59db8a72e5a06.jpg,The Glenlivet Archive 21 Years Old,"Category: Spirits
Sub category: Whisk(e)y
alc./vol: 43"
https://www.diffordsguide.com/beer-wine-spirits/1928/glen-garioch-1990,https://cdn.diffords.com/contrib/bws/2017/10/59db8ab5e0f09.jpg,Glen Garioch 1990,"Category: Spirits
Sub category: Whisk(e)y
alc./vol: 54.6"
https://www.diffordsguide.com/beer-wine-spirits/1930/glen-garioch-1991,https://cdn.diffords.com/contrib/bws/2017/10/59db8ab660bc9.jpg,Glen Garioch 1991,"Category: Spirits
Sub category: Whisk(e)y
alc./vol: 54.7"
https://www.diffordsguide.com/beer-wine-spirits/1983/laphroaig-18-year-old,https://cdn.diffords.com/contrib/bws/2024/08/66d1c4fe8d035.jpg,Laphroaig 18 Year Old,"Category: Spirits
Sub category: Whisk(e)y
alc./vol: 48"
https://www.diffordsguide.com/beer-wine-spirits/2006/the-dalmore-mackenzie-1992-17yo,https://cdn.diffords.com/contrib/bws/2017/10/59db8af1c8256.jpg,The Dalmore Mackenzie 1992 (17yo),"Category: Spirits
Sub category: Whisk(e)y
alc./vol: 46"
https://www.diffordsguide.com/beer-wine-spirits/2135/the-balvenie-the-cooper,https://cdn.diffords.com/images/themes/default-v5/beer_wine_spirits/no-bottle-small.jpg,The Balvenie The Cooper,"Category: Spirits
Sub category: Whisk(e)y
alc./vol: 59.4"
https://www.diffordsguide.com/beer-wine-spirits/2136/the-dalmore-cigar-malt,https://cdn.diffords.com/contrib/bws/2017/10/59db8b69ead70.jpg,The Dalmore Cigar Malt,"Category: Spirits
Sub category: Whisk(e)y
alc./vol: 44"
https://www.diffordsguide.com/beer-wine-spirits/2164/aberlour-12-year-old-non-chill-filtered,https://cdn.diffords.com/contrib/bws/2017/10/59db8b9579aea.jpg,Aberlour 12 Year Old Non Chill-Filtered,"Category: Spirits
Sub category: Whisk(e)y
alc./vol: 48"
https://www.diffordsguide.com/beer-wine-spirits/2230/the-dalmore-mackenzie-cromartie,https://cdn.diffords.com/images/themes/default-v5/beer_wine_spirits/no-bottle-small.jpg,The Dalmore Mackenzie Cromartie,"Category: Spirits
Sub category: Whisk(e)y
alc./vol: 45"
https://www.diffordsguide.com/beer-wine-spirits/2306/ancnoc-1998,https://cdn.diffords.com/contrib/bws/2017/10/59db8c17e2d6c.jpg,AnCnoc 1998,"Category: Spirits
Sub category: Whisk(e)y
alc./vol: 46"
https://www.diffordsguide.com/beer-wine-spirits/2554/the-arran-amarone-cask-finish,https://cdn.diffords.com/contrib/bws/2017/10/59db8d2fc98bd.jpg,The Arran Amarone Cask Finish,"Category: Spirits
Sub category: Whisk(e)y
alc./vol: 50"
https://www.diffordsguide.com/beer-wine-spirits/2692/the-balvenie-tun-1401-batch-5,https://cdn.diffords.com/contrib/bws/2017/10/59db8dc03261e.jpg,The Balvenie Tun 1401 Batch 5,"Category: Spirits
Sub category: Whisk(e)y
alc./vol: 50"
https://www.diffordsguide.com/beer-wine-spirits/2882/ardbeg-galileo,https://cdn.diffords.com/contrib/bws/2017/10/59db8ebb53be4.jpg,Ardbeg Galileo,"Category: Spirits
Sub category: Whisk(e)y
alc./vol: 49"
https://www.diffordsguide.com/beer-wine-spirits/2917/glenfarclas-glenfarclas-105,https://cdn.diffords.com/contrib/bws/2017/10/59db8ee3269ef.jpg,Glenfarclas Glenfarclas 105,"Category: Spirits
Sub category: Whisk(e)y
alc./vol: 60"
https://www.diffordsguide.com/beer-wine-spirits/3057/balblair-1996-1st-release-bottled-2012,https://cdn.diffords.com/contrib/bws/2017/10/59db8fab5b9e3.jpg,Balblair 1996 (1st Release) Bottled 2012,"Category: Spirits
Sub category: Whisk(e)y
alc./vol: 46"
https://www.diffordsguide.com/beer-wine-spirits/3166/glen-garioch-1971-whisky-exchange-single-cask,https://cdn.diffords.com/contrib/bws/2017/10/59db9069b1c82.jpg,Glen Garioch 1971 Whisky Exchange Single Cask,"Category: Spirits
Sub category: Whisk(e)y
alc./vol: 43.9"
https://www.diffordsguide.com/beer-wine-spirits/3221/wemyss-sugared-almonds-aultmore-1982,https://cdn.diffords.com/contrib/bws/2017/10/59db90b224c1f.jpg,Wemyss Sugared Almonds Aultmore 1982,"Category: Spirits
Sub category: Whisk(e)y
alc./vol: 46"
https://www.diffordsguide.com/beer-wine-spirits/3224/royal-lochnagar-distillers-edition-12-year-old,https://cdn.diffords.com/images/themes/default-v5/beer_wine_spirits/no-bottle-small.jpg,Royal Lochnagar Distillers Edition 12 Year Old,"Category: Spirits
Sub category: Whisk(e)y
alc./vol: 40"
https://www.diffordsguide.com/beer-wine-spirits/3267/bunnahabhain-40-year-old,https://cdn.diffords.com/contrib/bws/2017/10/59db91165073d.jpg,Bunnahabhain 40 Year Old,"Category: Spirits
Sub category: Whisk(e)y
alc./vol: 41.7"
https://www.diffordsguide.com/beer-wine-spirits/3363/clynelish-14-year-old,https://cdn.diffords.com/contrib/bws/2017/10/59db918bb291f.jpg,Clynelish 14 year old,"Category: Spirits
Sub category: Whisk(e)y
alc./vol: 46"
https://www.diffordsguide.com/beer-wine-spirits/3386/balblair-1969-1st-release-bottled-2012,https://cdn.diffords.com/contrib/bws/2017/10/59db91922f302.jpg,Balblair 1969 (1st Release) Bottled 2012,"Category: Spirits
Sub category: Whisk(e)y
alc./vol: 41.4"
https://www.diffordsguide.com/beer-wine-spirits/3410/smws-3074-sweet-fruity-and-rich,https://cdn.diffords.com/contrib/bws/2017/10/59db91a8509c1.jpeg,"SMWS 30.74 Sweet, Fruity & Rich","Category: Spirits
Sub category: Whisk(e)y
alc./vol: 60.3"
https://www.diffordsguide.com/beer-wine-spirits/3441/glengoyne-15-year-old,https://cdn.diffords.com/contrib/bws/2017/10/59db91d4a6386.jpg,Glengoyne 15 Year Old,"Category: Spirits
Sub category: Whisk(e)y
alc./vol: 43"
https://www.diffordsguide.com/beer-wine-spirits/3463/glendronach-revival-15-year-old,https://cdn.diffords.com/contrib/bws/2017/10/59db922006d3b.jpg,GlenDronach Revival 15 Year Old,"Category: Spirits
Sub category: Whisk(e)y
alc./vol: 46"
https://www.diffordsguide.com/beer-wine-spirits/3464/glendronach-12-year-old-original,https://cdn.diffords.com/contrib/bws/2017/10/59db9220351d2.jpg,Glendronach 12 Year Old 'Original',"Category: Spirits
Sub category: Whisk(e)y
alc./vol: 43"
https://www.diffordsguide.com/beer-wine-spirits/3466/glendronach-21-year-old-parliament,https://cdn.diffords.com/contrib/bws/2017/10/59db9220a1ad8.jpg,GlenDronach 21 Year Old Parliament,"Category: Spirits
Sub category: Whisk(e)y
alc./vol: 48"
https://www.diffordsguide.com/beer-wine-spirits/3472/highland-park-15-year-old,https://cdn.diffords.com/images/themes/default-v5/beer_wine_spirits/no-bottle-small.jpg,Highland Park 15 Year Old,"Category: Spirits
Sub category: Whisk(e)y
alc./vol: 15"
https://www.diffordsguide.com/beer-wine-spirits/3540/talisker-57-north,https://cdn.diffords.com/contrib/bws/2017/10/59db9265e88be.jpg,Talisker 57° North,"Category: Spirits
Sub category: Whisk(e)y
alc./vol: 57"
https://www.diffordsguide.com/beer-wine-spirits/3628/tomatin-18-year-old,https://cdn.diffords.com/contrib/bws/2017/10/59db92efc267a.jpg,Tomatin 18 Year Old,"Category: Spirits
Sub category: Whisk(e)y
alc./vol: 46"
https://www.diffordsguide.com/beer-wine-spirits/3645/highland-park-loki,https://cdn.diffords.com/contrib/bws/2017/10/59db931ac8b35.jpg,Highland Park Loki,"Category: Spirits
Sub category: Whisk(e)y
alc./vol: 48.7"
https://www.diffordsguide.com/beer-wine-spirits/3745/glendronach-1995-the-whisky-exchange-17yo-px-punch,https://cdn.diffords.com/images/themes/default-v5/beer_wine_spirits/no-bottle-small.jpg,Glendronach 1995 The Whisky Exchange 17yo PX Punch,"Category: Spirits
Sub category: Whisk(e)y
alc./vol: 56.6"
https://www.diffordsguide.com/beer-wine-spirits/3782/ardmore-25-year-old,https://cdn.diffords.com/images/themes/default-v5/beer_wine_spirits/no-bottle-small.jpg,Ardmore 25 Year Old,"Category: Spirits
Sub category: Whisk(e)y
alc./vol: 51.4"
https://www.diffordsguide.com/beer-wine-spirits/3823/ardbeg-ardbog,https://cdn.diffords.com/contrib/bws/2017/10/59db93d198be5.jpg,Ardbeg Ardbog,"Category: Spirits
Sub category: Whisk(e)y
alc./vol: 52.1"
https://www.diffordsguide.com/beer-wine-spirits/3861/the-macallan-coronation-american-oak-cask-190950,https://cdn.diffords.com/contrib/bws/2017/10/59db9414abc45.jpg,The Macallan Coronation American Oak Cask 190950,"Category: Spirits
Sub category: Whisk(e)y
alc./vol: 51.8"
https://www.diffordsguide.com/beer-wine-spirits/3890/auchentoshan-21-year-old,https://cdn.diffords.com/contrib/bws/2017/10/59db9428f2870.jpg,Auchentoshan 21 Year Old,"Category: Spirits
Sub category: Whisk(e)y
alc./vol: 43"
https://www.diffordsguide.com/beer-wine-spirits/3909/the-glenrothes-2001-vintage-bottled-2012,https://cdn.diffords.com/contrib/bws/2017/10/59db945238693.jpg,The Glenrothes 2001 Vintage (Bottled 2012),"Category: Spirits
Sub category: Whisk(e)y
alc./vol: 43"
https://www.diffordsguide.com/beer-wine-spirits/5731/compass-box-3-year-old-deluxe,https://cdn.diffords.com/contrib/bws/2017/10/59db94d584559.jpg,Compass Box 3 Year Old Deluxe,"Category: Spirits
Sub category: Whisk(e)y
alc./vol: 49.2"
https://www.diffordsguide.com/beer-wine-spirits/4013/the-glenrothes-ministers-reserve,https://cdn.diffords.com/contrib/bws/2017/10/59db94ede4b5c.jpg,The Glenrothes Minister’s Reserve,"Category: Spirits
Sub category: Whisk(e)y
alc./vol: 43"
https://www.diffordsguide.com/beer-wine-spirits/4017/bowmore-23-years-old-port-cask-matured-1989,https://cdn.diffords.com/contrib/bws/2017/10/59db94efce868.jpg,Bowmore 23 Years Old Port Cask Matured 1989,"Category: Spirits
Sub category: Whisk(e)y
alc./vol: 50.8"
https://www.diffordsguide.com/beer-wine-spirits/4067/bowmore-the-devils-cask-ii,https://cdn.diffords.com/contrib/bws/2017/10/59db9517ad651.jpg,Bowmore The Devil's Cask II,"Category: Spirits
Sub category: Whisk(e)y
alc./vol: 56.3"
https://www.diffordsguide.com/beer-wine-spirits/4071/blue-hanger-7,https://cdn.diffords.com/contrib/bws/2017/10/59db9518bce7c.jpg,Blue Hanger 7,"Category: Spirits
Sub category: Whisk(e)y
alc./vol: 45.6"
https://www.diffordsguide.com/beer-wine-spirits/4073/lagavulin-jazz-2013,https://cdn.diffords.com/images/themes/default-v5/beer_wine_spirits/no-bottle-small.jpg,Lagavulin Jazz 2013,"Category: Spirits
Sub category: Whisk(e)y
alc./vol: 51.9"
https://www.diffordsguide.com/beer-wine-spirits/4076/glenfarclas-1953-the-coronation-bottled-2013,https://cdn.diffords.com/contrib/bws/2017/10/59db951901e2c.jpg,Glenfarclas 1953 The Coronation (bottled 2013),"Category: Spirits
Sub category: Whisk(e)y
alc./vol: 51.1"
https://www.diffordsguide.com/beer-wine-spirits/4077/glenfarclas-25-year-old-quarter-cask,https://cdn.diffords.com/contrib/bws/2017/10/59db9519a767c.jpg,Glenfarclas 25 Year Old Quarter Cask,"Category: Spirits
Sub category: Whisk(e)y
alc./vol: 42.4"
https://www.diffordsguide.com/beer-wine-spirits/4078/glenfarclas-30-year-old,https://cdn.diffords.com/contrib/bws/2017/10/59db9519f0a98.jpg,Glenfarclas 30 Year Old,"Category: Spirits
Sub category: Whisk(e)y
alc./vol: 43"
https://www.diffordsguide.com/beer-wine-spirits/4106/douglas-laing-old-particular-single-cask-caperdoni,https://cdn.diffords.com/images/themes/default-v5/beer_wine_spirits/no-bottle-small.jpg,Douglas Laing Old Particular Single Cask Caperdoni,"Category: Spirits
Sub category: Whisk(e)y
alc./vol: 48.4"
https://www.diffordsguide.com/beer-wine-spirits/4160/wemyss-malts-bunnahabhain-1997-a-peaty-punch,https://cdn.diffords.com/contrib/bws/2017/10/59db95774b802.jpg,Wemyss Malts Bunnahabhain 1997 A Peaty Punch,"Category: Spirits
Sub category: Whisk(e)y
alc./vol: 46"
https://www.diffordsguide.com/beer-wine-spirits/4169/glengoyne-35-year-old,https://cdn.diffords.com/contrib/bws/2017/10/59db957d10a71.jpg,Glengoyne 35 Year Old,"Category: Spirits
Sub category: Whisk(e)y
alc./vol: 46.8"
https://www.diffordsguide.com/beer-wine-spirits/4176/oban-21-year-old,https://cdn.diffords.com/contrib/bws/2017/10/59db9581abe3f.jpg,Oban 21 Year Old,"Category: Spirits
Sub category: Whisk(e)y
alc./vol: 58.5"
https://www.diffordsguide.com/beer-wine-spirits/4179/talisker-distilled-1985-maritime-edition-27-year,https://cdn.diffords.com/contrib/bws/2017/10/59db9583e0196.jpg,Talisker Distilled 1985 Maritime Edition 27 Year,"Category: Spirits
Sub category: Whisk(e)y
alc./vol: 56.1"
https://www.diffordsguide.com/beer-wine-spirits/4184/bruichladdich-black-art-1990-edition-041,https://cdn.diffords.com/contrib/bws/2017/10/59db9586bf9f1.jpg,Bruichladdich Black Art 1990 Edition 04.1,"Category: Spirits
Sub category: Whisk(e)y
alc./vol: 49.2"
https://www.diffordsguide.com/beer-wine-spirits/4198/compass-box-the-peat-monster-tenth-anniversary,https://cdn.diffords.com/contrib/bws/2017/10/59db95927cc80.jpg,Compass Box The Peat Monster Tenth Anniversary,"Category: Spirits
Sub category: Whisk(e)y
alc./vol: 48.9"
https://www.diffordsguide.com/beer-wine-spirits/4201/the-single-malts-of-scotland-longmorn-1990-22-yea,https://cdn.diffords.com/contrib/bws/2017/10/59db9593c0e82.jpg,"The Single Malts of Scotland Longmorn 1990, 22 Yea","Category: Spirits
Sub category: Whisk(e)y
alc./vol: 48.1"
https://www.diffordsguide.com/beer-wine-spirits/4209/aberlour-18-year-old,https://cdn.diffords.com/contrib/bws/2017/10/59db959982d52.jpg,Aberlour 18 Year Old,"Category: Spirits
Sub category: Whisk(e)y
alc./vol: 43"
https://www.diffordsguide.com/beer-wine-spirits/4210/aberlour-abunadh-batch-45,https://cdn.diffords.com/contrib/bws/2017/10/59db959fb1fc3.jpg,Aberlour A'bunadh Batch 45,"Category: Spirits
Sub category: Whisk(e)y
alc./vol: 60.2"
https://www.diffordsguide.com/beer-wine-spirits/4223/the-single-malts-of-scotland-tamnavulin-1991,https://cdn.diffords.com/contrib/bws/2017/10/59db95b5b4a7b.jpg,The Single Malts of Scotland Tamnavulin 1991,"Category: Spirits
Sub category: Whisk(e)y
alc./vol: 48.2"
https://www.diffordsguide.com/beer-wine-spirits/4251/tsmws-gentle-and-reserved-cask-12163,https://cdn.diffords.com/images/themes/default-v5/beer_wine_spirits/no-bottle-small.jpg,T.S.M.W.S. Gentle & Reserved Cask 121.63,"Category: Spirits
Sub category: Whisk(e)y
alc./vol: 50.4"
https://www.diffordsguide.com/beer-wine-spirits/4279/the-masterpieces-clynelish-16-year-old-1996,https://cdn.diffords.com/contrib/bws/2017/10/59db95e64376f.jpg,The Masterpieces Clynelish 16 Year Old 1996,"Category: Spirits
Sub category: Whisk(e)y
alc./vol: 56.1"
https://www.diffordsguide.com/beer-wine-spirits/4310/elements-of-islay-br5,https://cdn.diffords.com/contrib/bws/2017/10/59db9604dbee2.jpg,Elements of Islay BR5,"Category: Spirits
Sub category: Whisk(e)y
alc./vol: 53.8"
https://www.diffordsguide.com/beer-wine-spirits/4383/highland-park-freya,https://cdn.diffords.com/contrib/bws/2017/10/59db964d89354.jpg,Highland Park Freya,"Category: Spirits
Sub category: Whisk(e)y
alc./vol: 51.2"
https://www.diffordsguide.com/beer-wine-spirits/4423/kilchoman-coul-point,https://cdn.diffords.com/contrib/bws/2017/10/59db965eaa401.jpg,Kilchoman Coul Point,"Category: Spirits
Sub category: Whisk(e)y
alc./vol: 46"
https://www.diffordsguide.com/beer-wine-spirits/4492/glengoyne-25-year-old,https://cdn.diffords.com/contrib/bws/2017/10/59db96c895026.jpg,Glengoyne 25 Year Old,"Category: Spirits
Sub category: Whisk(e)y
alc./vol: 48"
https://www.diffordsguide.com/beer-wine-spirits/4660/da-mhile-12yo-single-malt-whisky,https://cdn.diffords.com/contrib/bws/2017/10/59db97bf9ec55.jpg,Dà Mhìle 12yo Single Malt Whisky,"Category: Spirits
Sub category: Whisk(e)y
alc./vol: 46"
https://www.diffordsguide.com/beer-wine-spirits/4904/bunnahabhain-ceobanach,https://cdn.diffords.com/contrib/bws/2017/10/59db97f126a2b.jpg,Bunnahabhain Ceobanach,"Category: Spirits
Sub category: Whisk(e)y
alc./vol: 46.3"
https://www.diffordsguide.com/beer-wine-spirits/4778/mortlach-rare-old,https://cdn.diffords.com/contrib/bws/2017/10/59db97f8d371e.jpg,Mortlach Rare Old,"Category: Spirits
Sub category: Whisk(e)y
alc./vol: 43.4"
https://www.diffordsguide.com/beer-wine-spirits/4787/glenrothes-sherry-cask-reserve,https://cdn.diffords.com/contrib/bws/2017/10/59db97fe7517f.jpg,Glenrothes Sherry Cask Reserve,"Category: Spirits
Sub category: Whisk(e)y
alc./vol: 40"
https://www.diffordsguide.com/beer-wine-spirits/4796/rosebank-21-year-old-distilled-1992,https://cdn.diffords.com/contrib/bws/2017/10/59db9804c8369.jpg,Rosebank 21 Year Old Distilled 1992,"Category: Spirits
Sub category: Whisk(e)y
alc./vol: 55.3"
https://www.diffordsguide.com/beer-wine-spirits/4801/caol-ila-unpeated-15-year-old-distilled-1998,https://cdn.diffords.com/contrib/bws/2017/10/59db980759c82.jpg,Caol Ila Unpeated 15 Year Old Distilled 1998,"Category: Spirits
Sub category: Whisk(e)y
alc./vol: 60.3"
https://www.diffordsguide.com/beer-wine-spirits/4805/port-ellen-35-year-old-14th-release-distilled-1978,https://cdn.diffords.com/contrib/bws/2017/10/59db980953362.jpg,Port Ellen 35 Year Old 14th Release Distilled 1978,"Category: Spirits
Sub category: Whisk(e)y
alc./vol: 56.5"
https://www.diffordsguide.com/beer-wine-spirits/4854/bunnahabhain-25-year-old,https://cdn.diffords.com/contrib/bws/2017/10/59db9817d300b.jpg,Bunnahabhain 25 Year Old,"Category: Spirits
Sub category: Whisk(e)y
alc./vol: 46.3"
https://www.diffordsguide.com/beer-wine-spirits/4905/wemyss-malts-loch-indaal-catch-bowmore-1982,https://cdn.diffords.com/contrib/bws/2017/10/59db9836e72f4.jpg,Wemyss Malts Loch Indaal Catch Bowmore 1982,"Category: Spirits
Sub category: Whisk(e)y
alc./vol: 46"
https://www.diffordsguide.com/beer-wine-spirits/4912/wemyss-malts-aromatic-orange-tobacco-glenrothes-19,https://cdn.diffords.com/contrib/bws/2017/10/59db98383ae25.jpg,Wemyss Malts Aromatic Orange Tobacco Glenrothes 19,"Category: Spirits
Sub category: Whisk(e)y
alc./vol: 46"
https://www.diffordsguide.com/beer-wine-spirits/4940/jura-1984,https://cdn.diffords.com/contrib/bws/2017/10/59db984c94a2b.jpg,Jura 1984,"Category: Spirits
Sub category: Whisk(e)y
alc./vol: 44"
https://www.diffordsguide.com/beer-wine-spirits/4993/aultmore-21-year-old,https://cdn.diffords.com/contrib/bws/2018/11/5bfc39e395c89.jpg,Aultmore 21 year old,"Category: Spirits
Sub category: Whisk(e)y
alc./vol: 46"
https://www.diffordsguide.com/beer-wine-spirits/4994/aultmore-25-year-old,https://cdn.diffords.com/contrib/bws/2017/10/59db99057bc0f.jpg,Aultmore 25 year old,"Category: Spirits
Sub category: Whisk(e)y
alc./vol: 46"
https://www.diffordsguide.com/beer-wine-spirits/5187/royal-brackla-12-year-old,https://cdn.diffords.com/contrib/bws/2017/10/59db9a6d134db.jpg,Royal Brackla 12 Year Old,"Category: Spirits
Sub category: Whisk(e)y
alc./vol: 40"
https://www.diffordsguide.com/beer-wine-spirits/5189/royal-brackla-21-year-old,https://cdn.diffords.com/contrib/bws/2017/10/59db9a7611a21.jpg,Royal Brackla 21 Year Old,"Category: Spirits
Sub category: Whisk(e)y
alc./vol: 40"
https://www.diffordsguide.com/beer-wine-spirits/5204/aultmore-18-year-old,https://cdn.diffords.com/contrib/bws/2020/08/5f2abfc731b0a.png,Aultmore 18 Year Old,"Category: Spirits
Sub category: Whisk(e)y
alc./vol: 46"
https://www.diffordsguide.com/beer-wine-spirits/5226/pittyvaich-25-year-old-distilled-1989,https://cdn.diffords.com/contrib/bws/2017/10/59db9af33760c.jpg,Pittyvaich 25 year old Distilled 1989,"Category: Spirits
Sub category: Whisk(e)y
alc./vol: 49.9"
https://www.diffordsguide.com/beer-wine-spirits/5408/aberfeldy-16-year-old,https://cdn.diffords.com/contrib/bws/2017/10/59db9c1d78207.jpg,Aberfeldy 16 Year Old,"Category: Spirits
Sub category: Whisk(e)y
alc./vol: 40"
https://www.diffordsguide.com/beer-wine-spirits/5459/the-arran-18-year-old,https://cdn.diffords.com/contrib/bws/2017/10/59db9c7e98a2e.jpg,The Arran 18 Year Old,"Category: Spirits
Sub category: Whisk(e)y
alc./vol: 46"
https://www.diffordsguide.com/beer-wine-spirits/5657/wemyss-malt-kirsch-gateau-1988,https://cdn.diffords.com/contrib/bws/2017/10/59db9e05c444c.jpg,Wemyss Malt Kirsch Gateau 1988,"Category: Spirits
Sub category: Whisk(e)y
alc./vol: 56"
https://www.diffordsguide.com/beer-wine-spirits/5658/wemyss-malts-snuffed-candle-1999,https://cdn.diffords.com/contrib/bws/2017/10/59db9e06397da.jpg,Wemyss Malts Snuffed Candle 1999,"Category: Spirits
Sub category: Whisk(e)y
alc./vol: 46"
https://www.diffordsguide.com/beer-wine-spirits/5677/auchroisk-25-year-old-distilled-1990,https://cdn.diffords.com/contrib/bws/2017/10/59db9e64cbbd2.jpg,Auchroisk 25 Year Old (Distilled 1990),"Category: Spirits
Sub category: Whisk(e)y
alc./vol: 51.2"
https://www.diffordsguide.com/beer-wine-spirits/5703/chivas-ultis-blended-malt-scotch-whisky,https://cdn.diffords.com/contrib/bws/2017/10/59db9e9c2ef58.jpg,Chivas Ultis Blended Malt Scotch Whisky,"Category: Spirits
Sub category: Whisk(e)y
alc./vol: 40"
https://www.diffordsguide.com/beer-wine-spirits/5875/the-glenrothes-1995-bottled-2016,https://cdn.diffords.com/contrib/bws/2017/10/59dba04578724.jpg,The Glenrothes 1995 (bottled 2016),"Category: Spirits
Sub category: Whisk(e)y
alc./vol: 45"
https://www.diffordsguide.com/beer-wine-spirits/5996/bunnahabhain-46-year-old-eich-bhana-lir,https://cdn.diffords.com/contrib/bws/2017/10/59dba15d85a99.jpg,Bunnahabhain 46 Year Old Eich Bhana Lìr,"Category: Spirits
Sub category: Whisk(e)y
alc./vol: 41.8"
https://www.diffordsguide.com/beer-wine-spirits/6041/smws-exotic-cargo,https://cdn.diffords.com/contrib/bws/2017/10/59dba224156c6.jpeg,SMWS Exotic Cargo,"Category: Spirits
Sub category: Whisk(e)y
alc./vol: 50"
https://www.diffordsguide.com/beer-wine-spirits/6155/rascally-liquor-new-make-malt-spirit,https://cdn.diffords.com/contrib/bws/2018/02/5a8fd8afdb478.jpg,Rascally Liquor New Make Malt Spirit,"Category: Spirits
Sub category: Whisk(e)y
alc./vol: 46"
https://www.diffordsguide.com/beer-wine-spirits/6190/angels-nectar-rich-peat-edition,https://cdn.diffords.com/contrib/bws/2018/07/5b574bd35a32d.jpg,Angels' Nectar Rich Peat Edition,"Category: Spirits
Sub category: Whisk(e)y
alc./vol: 46"
https://www.diffordsguide.com/beer-wine-spirits/6230/cladach-blended-malt-scotch-whisky,https://cdn.diffords.com/contrib/bws/2018/09/5b9911a0d5109.jpg,Cladach Blended Malt Scotch Whisky,"Category: Spirits
Sub category: Whisk(e)y
alc./vol: 57.1"
https://www.diffordsguide.com/beer-wine-spirits/6280/craigellachie-51-year-old,https://cdn.diffords.com/contrib/bws/2018/10/5bd2fc724cdfa.jpg,Craigellachie 51 Year Old,"Category: Spirits
Sub category: Whisk(e)y
alc./vol: 40"
https://www.diffordsguide.com/beer-wine-spirits/6299/craigellachie-33-year-old,https://cdn.diffords.com/contrib/bws/2018/11/5bfc39985eb8c.jpg,Craigellachie 33 Year Old,"Category: Spirits
Sub category: Whisk(e)y
alc./vol: 46"
https://www.diffordsguide.com/beer-wine-spirits/6372/berry-bros-and-rudd-peated-cask-matured-blended-malt,https://cdn.diffords.com/contrib/bws/2019/03/5c8a77be773b7.jpg,Berry Bros & Rudd Peated Cask Matured Blended Malt,"Category: Spirits
Sub category: Whisk(e)y
alc./vol: 44.2"
https://www.diffordsguide.com/beer-wine-spirits/7160/glenmorangie-the-tribute,https://cdn.diffords.com/contrib/bws/2021/09/614f0d8876988.jpg,Glenmorangie The Tribute,"Category: Spirits
Sub category: Whisk(e)y
alc./vol: 46"
https://www.diffordsguide.com/beer-wine-spirits/22/glen-garioch-12-year-old,https://cdn.diffords.com/contrib/bws/2017/10/59db806265fc8.jpg,Glen Garioch 12 Year Old,"Category: Spirits
Sub category: Whisk(e)y
alc./vol: 48"
https://www.diffordsguide.com/beer-wine-spirits/179/talisker-10-year-old,https://cdn.diffords.com/contrib/bws/2017/10/59db811853530.JPG,Talisker 10 Year Old,"Category: Spirits
Sub category: Whisk(e)y
alc./vol: 45.8"
https://www.diffordsguide.com/beer-wine-spirits/258/the-arran-malt-westie,https://cdn.diffords.com/contrib/bws/2017/10/59db817d21d1d.jpg,The Arran Malt Westie,"Category: Spirits
Sub category: Whisk(e)y
alc./vol:"
https://www.diffordsguide.com/beer-wine-spirits/411/big-peat-islay-blended-malt,https://cdn.diffords.com/contrib/bws/2017/10/59db8251ce87c.jpg,Big Peat Islay Blended Malt,"Category: Spirits
Sub category: Whisk(e)y
alc./vol: 46"
https://www.diffordsguide.com/beer-wine-spirits/421/laphroaig-10-year-old-cask-strength-batch-003,https://cdn.diffords.com/contrib/bws/2017/10/59db82677d686.jpg,Laphroaig 10 Year Old Cask Strength Batch: 003,"Category: Spirits
Sub category: Whisk(e)y
alc./vol: 55.3"
https://www.diffordsguide.com/beer-wine-spirits/436/spirit-of-unity-blended-scotch-whisky,https://cdn.diffords.com/images/themes/default-v5/beer_wine_spirits/no-bottle-small.jpg,Spirit of Unity Blended Scotch Whisky,"Category: Spirits
Sub category: Whisk(e)y
alc./vol: 40"
https://www.diffordsguide.com/beer-wine-spirits/437/the-dalmore-tay-dram,https://cdn.diffords.com/images/themes/default-v5/beer_wine_spirits/no-bottle-small.jpg,The Dalmore Tay Dram,"Category: Spirits
Sub category: Whisk(e)y
alc./vol: 40"
https://www.diffordsguide.com/beer-wine-spirits/438/the-dalmore-dee-dram,https://cdn.diffords.com/images/themes/default-v5/beer_wine_spirits/no-bottle-small.jpg,The Dalmore Dee Dram,"Category: Spirits
Sub category: Whisk(e)y
alc./vol: 40"
https://www.diffordsguide.com/beer-wine-spirits/439/the-whisky-trail-macallan-1998,https://cdn.diffords.com/images/themes/default-v5/beer_wine_spirits/no-bottle-small.jpg,The Whisky Trail Macallan 1998,"Category: Spirits
Sub category: Whisk(e)y
alc./vol: 40"
https://www.diffordsguide.com/beer-wine-spirits/447/glen-garioch-1994,https://cdn.diffords.com/contrib/bws/2017/10/59db828d5234c.jpg,Glen Garioch 1994,"Category: Spirits
Sub category: Whisk(e)y
alc./vol: 53.9"
https://www.diffordsguide.com/beer-wine-spirits/469/jura-island-exclusive-1996-vintage-whisky-festival,https://cdn.diffords.com/contrib/bws/2017/10/59db82a194b6c.jpg,Jura Island Exclusive 1996 Vintage Whisky Festival,"Category: Spirits
Sub category: Whisk(e)y
alc./vol: 54"
https://www.diffordsguide.com/beer-wine-spirits/470/the-glenrothes-1995-vintage-bottled-2011,https://cdn.diffords.com/contrib/bws/2017/10/59db82a261912.jpg,The Glenrothes 1995 Vintage (bottled 2011),"Category: Spirits
Sub category: Whisk(e)y
alc./vol: 43"
https://www.diffordsguide.com/beer-wine-spirits/480/bowmore-1982-islay-single-malt-whisky,https://cdn.diffords.com/contrib/bws/2017/10/59db82add84e7.jpg,Bowmore 1982 Islay Single Malt Whisky,"Category: Spirits
Sub category: Whisk(e)y
alc./vol: 47.3"
https://www.diffordsguide.com/beer-wine-spirits/503/auchentoshan-valinch-2011-release,https://cdn.diffords.com/contrib/bws/2017/10/59db82c61baef.jpg,Auchentoshan Valinch 2011 Release,"Category: Spirits
Sub category: Whisk(e)y
alc./vol: 57.5"
https://www.diffordsguide.com/beer-wine-spirits/598/glendullan-12-year-old,https://cdn.diffords.com/contrib/bws/2017/10/59db836d2915e.jpg,Glendullan 12 Year Old,"Category: Spirits
Sub category: Whisk(e)y
alc./vol: 43"
https://www.diffordsguide.com/beer-wine-spirits/606/benrinnes-23-year-old-1985,https://cdn.diffords.com/contrib/bws/2017/10/59db8372eb7ef.jpg,Benrinnes 23 Year Old 1985,"Category: Spirits
Sub category: Whisk(e)y
alc./vol: 58.8"
https://www.diffordsguide.com/beer-wine-spirits/645/elements-of-islay-lp4,https://cdn.diffords.com/contrib/bws/2017/10/59db839f4e813.jpg,Elements of Islay LP4,"Category: Spirits
Sub category: Whisk(e)y
alc./vol: 54.8"
https://www.diffordsguide.com/beer-wine-spirits/659/bruichladdich-laddie-classic-edition-01,https://cdn.diffords.com/images/themes/default-v5/beer_wine_spirits/no-bottle-small.jpg,Bruichladdich Laddie Classic Edition 01,"Category: Spirits
Sub category: Whisk(e)y
alc./vol: 46"
https://www.diffordsguide.com/beer-wine-spirits/661/auchentoshan-1978,https://cdn.diffords.com/contrib/bws/2017/10/59db83ae5cbbe.jpg,Auchentoshan 1978,"Category: Spirits
Sub category: Whisk(e)y
alc./vol: 53"
https://www.diffordsguide.com/beer-wine-spirits/663/glenfarclas-1994,https://cdn.diffords.com/contrib/bws/2017/10/59db83af550cd.jpg,Glenfarclas 1994,"Category: Spirits
Sub category: Whisk(e)y
alc./vol: 59.6"
https://www.diffordsguide.com/beer-wine-spirits/665/glenfarclas-1974,https://cdn.diffords.com/contrib/bws/2017/10/59db83b237cf1.jpg,Glenfarclas 1974,"Category: Spirits
Sub category: Whisk(e)y
alc./vol: 60.8"
https://www.diffordsguide.com/beer-wine-spirits/668/glenfarclas-50-year-old,https://cdn.diffords.com/contrib/bws/2017/10/59db83b6513fc.jpg,Glenfarclas 50 Year Old,"Category: Spirits
Sub category: Whisk(e)y
alc./vol: 50"
https://www.diffordsguide.com/beer-wine-spirits/670/glengoyne-12-year-old,https://cdn.diffords.com/contrib/bws/2017/10/59db83b7276ea.jpg,Glengoyne 12 Year Old,"Category: Spirits
Sub category: Whisk(e)y
alc./vol: 43"
https://www.diffordsguide.com/beer-wine-spirits/674/scapa-16-year-old,https://cdn.diffords.com/contrib/bws/2017/10/59db83ba93e6c.jpg,Scapa 16 year old,"Category: Spirits
Sub category: Whisk(e)y
alc./vol: 40"
https://www.diffordsguide.com/beer-wine-spirits/767/compass-box-oak-cross,https://cdn.diffords.com/contrib/bws/2017/10/59db84575e7dc.jpg,Compass Box Oak Cross,"Category: Spirits
Sub category: Whisk(e)y
alc./vol: 43"
https://www.diffordsguide.com/beer-wine-spirits/768/isle-of-jura-16-year-old,https://cdn.diffords.com/contrib/bws/2017/10/59db84578d3d0.jpg,Isle of Jura 16 year old,"Category: Spirits
Sub category: Whisk(e)y
alc./vol: 40"
https://www.diffordsguide.com/beer-wine-spirits/1020/auchentoshan-1957-bottled-2007-50-year-old,https://cdn.diffords.com/contrib/bws/2017/10/59db85bd1913c.jpg,"Auchentoshan 1957 (bottled 2007, 50 year old)","Category: Spirits
Sub category: Whisk(e)y
alc./vol: 46.8"
https://www.diffordsguide.com/beer-wine-spirits/1025/longrow-14yo-wood-expression,https://cdn.diffords.com/contrib/bws/2017/10/59db85be84127.jpg,Longrow 14yo Wood Expression,"Category: Spirits
Sub category: Whisk(e)y
alc./vol: 56.1"
https://www.diffordsguide.com/beer-wine-spirits/1026/the-arran-12-year-old-cask-strength-malt-whisky,https://cdn.diffords.com/contrib/bws/2017/10/59db85beaff96.jpg,The Arran 12 Year Old Cask Strength Malt Whisky,"Category: Spirits
Sub category: Whisk(e)y
alc./vol: 54.1"
https://www.diffordsguide.com/beer-wine-spirits/1051/benromach-organic,https://cdn.diffords.com/contrib/bws/2017/10/59db85d616e43.jpg,Benromach Organic,"Category: Spirits
Sub category: Whisk(e)y
alc./vol: 43"
https://www.diffordsguide.com/beer-wine-spirits/1104/caol-ila-12-year-old-special-release-dist-1999,https://cdn.diffords.com/contrib/bws/2017/10/59db860d295e5.jpg,Caol Ila 12 Year Old Special Release (Dist. 1999),"Category: Spirits
Sub category: Whisk(e)y
alc./vol: 64"
https://www.diffordsguide.com/beer-wine-spirits/1189/bowmore-tempest-small-batch-release-no3-10yo,https://cdn.diffords.com/contrib/bws/2017/10/59db86762e7d1.jpg,Bowmore Tempest Small Batch Release No.3 (10yo),"Category: Spirits
Sub category: Whisk(e)y
alc./vol: 55.6"
https://www.diffordsguide.com/beer-wine-spirits/1191/wemyss-honey-spice-bunnahabhain-1991-20yo,https://cdn.diffords.com/images/themes/default-v5/beer_wine_spirits/no-bottle-small.jpg,Wemyss Honey Spice ‘Bunnahabhain’ 1991 (20yo),"Category: Spirits
Sub category: Whisk(e)y
alc./vol: 46"
https://www.diffordsguide.com/beer-wine-spirits/1284/glenfiddich-12-years-old,https://cdn.diffords.com/contrib/bws/2021/02/602e2fa5b81b0.png,Glenfiddich 12 Years Old,"Category: Spirits
Sub category: Whisk(e)y
alc./vol: 40"
https://www.diffordsguide.com/beer-wine-spirits/1286/glenfiddich-18-year-old,https://cdn.diffords.com/contrib/bws/2017/10/59db86ed9fbc6.jpg,Glenfiddich 18 Year Old,"Category: Spirits
Sub category: Whisk(e)y
alc./vol: 40"
https://www.diffordsguide.com/beer-wine-spirits/1287/glenfiddich-21-year-old-gran-reserva,https://cdn.diffords.com/contrib/bws/2017/10/59db86f13efef.jpg,Glenfiddich 21 Year Old Gran Reserva,"Category: Spirits
Sub category: Whisk(e)y
alc./vol: 40"
https://www.diffordsguide.com/beer-wine-spirits/1288/glenmorangie-the-original,https://cdn.diffords.com/contrib/bws/2017/10/59db871c816e6.jpg,Glenmorangie The Original,"Category: Spirits
Sub category: Whisk(e)y
alc./vol: 40"
https://www.diffordsguide.com/beer-wine-spirits/1289/macallan-10-year-old-sherry-oak,https://cdn.diffords.com/contrib/bws/2017/10/59db871d041cd.jpg,Macallan 10 Year Old Sherry Oak,"Category: Spirits
Sub category: Whisk(e)y
alc./vol: 40"
https://www.diffordsguide.com/beer-wine-spirits/1293/oban-14-year-old-highland-single-malt-whisky,https://cdn.diffords.com/contrib/bws/2017/10/59db8724497c6.jpg,Oban 14 Year Old Highland Single Malt Whisky,"Category: Spirits
Sub category: Whisk(e)y
alc./vol: 43"
https://www.diffordsguide.com/beer-wine-spirits/1295/bowmore-12-year-old,https://cdn.diffords.com/contrib/bws/2017/10/59db87266d179.jpg,Bowmore 12 Year Old,"Category: Spirits
Sub category: Whisk(e)y
alc./vol: 40"
https://www.diffordsguide.com/beer-wine-spirits/1296/bunnahabhain-12-year-old,https://cdn.diffords.com/contrib/bws/2017/10/59db872be9092.jpg,Bunnahabhain 12 Year Old,"Category: Spirits
Sub category: Whisk(e)y
alc./vol: 46.3"
https://www.diffordsguide.com/beer-wine-spirits/1297/cragganmore-12-year-old-single-malt-whisky,https://cdn.diffords.com/contrib/bws/2017/10/59db872c24b3b.jpg,Cragganmore 12 Year Old Single Malt Whisky,"Category: Spirits
Sub category: Whisk(e)y
alc./vol: 40"
https://www.diffordsguide.com/beer-wine-spirits/1299/highland-park-12-year-old,https://cdn.diffords.com/contrib/bws/2017/10/59db872c61180.jpg,Highland Park 12 Year Old,"Category: Spirits
Sub category: Whisk(e)y
alc./vol: 40"
https://www.diffordsguide.com/beer-wine-spirits/1301/the-balvenie-12-year-old-doublewood,https://cdn.diffords.com/contrib/bws/2017/10/59db872d1b0cf.jpg,The Balvenie 12 Year Old Doublewood,"Category: Spirits
Sub category: Whisk(e)y
alc./vol: 40"
https://www.diffordsguide.com/beer-wine-spirits/1346/smokehead-single-malt,https://cdn.diffords.com/contrib/bws/2017/10/59db87582b200.jpg,Smokehead Single Malt,"Category: Spirits
Sub category: Whisk(e)y
alc./vol: 43"
https://www.diffordsguide.com/beer-wine-spirits/1351/the-dalmore-15-year-old,https://cdn.diffords.com/contrib/bws/2017/10/59db875e0e1ec.jpg,The Dalmore 15 Year Old,"Category: Spirits
Sub category: Whisk(e)y
alc./vol: 40"
https://www.diffordsguide.com/beer-wine-spirits/1354/balvenie-malt-masters-signature-batch-3,https://cdn.diffords.com/contrib/bws/2017/10/59db8767e77ff.jpg,Balvenie Malt Master’s ‘Signature’ Batch 3,"Category: Spirits
Sub category: Whisk(e)y
alc./vol: 40"
https://www.diffordsguide.com/beer-wine-spirits/1355/the-singleton-of-dufftown-12-year-old,https://cdn.diffords.com/contrib/bws/2017/10/59db876868f8b.jpg,The Singleton of Dufftown 12 Year Old,"Category: Spirits
Sub category: Whisk(e)y
alc./vol: 40"
https://www.diffordsguide.com/beer-wine-spirits/1360/glenfarclas-15-year-old,https://cdn.diffords.com/contrib/bws/2017/10/59db876b61e24.jpg,Glenfarclas 15 Year Old,"Category: Spirits
Sub category: Whisk(e)y
alc./vol: 46"
https://www.diffordsguide.com/beer-wine-spirits/1805/old-pulteney-17-year-old,https://cdn.diffords.com/contrib/bws/2017/10/59db8a158dc01.jpg,Old Pulteney 17 year old,"Category: Spirits
Sub category: Whisk(e)y
alc./vol: 46"
https://www.diffordsguide.com/beer-wine-spirits/1806/old-pulteney-21-year-old,https://cdn.diffords.com/contrib/bws/2017/10/59db8a1627aa4.jpg,Old Pulteney 21 year old,"Category: Spirits
Sub category: Whisk(e)y
alc./vol: 46"
https://www.diffordsguide.com/beer-wine-spirits/1931/glenfiddich-14yo-rich-oak,https://cdn.diffords.com/contrib/bws/2017/10/59db8ab6a02f6.jpg,Glenfiddich 14yo Rich Oak,"Category: Spirits
Sub category: Whisk(e)y
alc./vol: 40"
https://www.diffordsguide.com/beer-wine-spirits/1970/highland-park-leif-eriksson,https://cdn.diffords.com/contrib/bws/2017/10/59db8acb9bd96.jpg,Highland Park Leif Eriksson,"Category: Spirits
Sub category: Whisk(e)y
alc./vol: 40"
https://www.diffordsguide.com/beer-wine-spirits/1971/highland-park-1998,https://cdn.diffords.com/contrib/bws/2017/10/59db8acd9d6e6.jpg,Highland Park 1998,"Category: Spirits
Sub category: Whisk(e)y
alc./vol: 40"
https://www.diffordsguide.com/beer-wine-spirits/1972/highland-park-1994,https://cdn.diffords.com/contrib/bws/2017/10/59db8ad098620.jpg,Highland Park 1994,"Category: Spirits
Sub category: Whisk(e)y
alc./vol: 40"
https://www.diffordsguide.com/beer-wine-spirits/1973/highland-park-1990,https://cdn.diffords.com/contrib/bws/2017/10/59db8ad3969a9.jpg,Highland Park 1990,"Category: Spirits
Sub category: Whisk(e)y
alc./vol: 40"
https://www.diffordsguide.com/beer-wine-spirits/2088/glenmorangie-artein-private-edition,https://cdn.diffords.com/contrib/bws/2017/10/59db8b3e58f9f.jpg,Glenmorangie Artein Private Edition,"Category: Spirits
Sub category: Whisk(e)y
alc./vol: 46"
https://www.diffordsguide.com/beer-wine-spirits/2100/the-glenlivet-guardian-18yo-single-cask,https://cdn.diffords.com/contrib/bws/2017/10/59db8b5b09b4b.jpg,The Glenlivet Guardian 18yo Single Cask,"Category: Spirits
Sub category: Whisk(e)y
alc./vol: 55.7"
https://www.diffordsguide.com/beer-wine-spirits/2196/highland-park-thor,https://cdn.diffords.com/contrib/bws/2017/10/59db8bae7d4a2.jpg,Highland Park Thor,"Category: Spirits
Sub category: Whisk(e)y
alc./vol: 52.1"
https://www.diffordsguide.com/beer-wine-spirits/2240/wemyss-teaninich-winter-spice-1982-bottled-2011,https://cdn.diffords.com/images/themes/default-v5/beer_wine_spirits/no-bottle-small.jpg,Wemyss Teaninich Winter Spice 1982 (bottled 2011),"Category: Spirits
Sub category: Whisk(e)y
alc./vol: 44.4"
https://www.diffordsguide.com/beer-wine-spirits/2241/wemyss-caol-ila-smokehouse-1996-bottled-2011,https://cdn.diffords.com/images/themes/default-v5/beer_wine_spirits/no-bottle-small.jpg,Wemyss Caol Ila Smokehouse 1996 (bottled 2011),"Category: Spirits
Sub category: Whisk(e)y
alc./vol: 46"
https://www.diffordsguide.com/beer-wine-spirits/2328/bowmore-springtide,https://cdn.diffords.com/contrib/bws/2017/10/59db8c2acf0a7.jpg,Bowmore Springtide,"Category: Spirits
Sub category: Whisk(e)y
alc./vol: 54.9"
https://www.diffordsguide.com/beer-wine-spirits/2340/bowmore-100-degrees-proof,https://cdn.diffords.com/contrib/bws/2017/10/59db8c3a97839.jpg,Bowmore 100 Degrees Proof,"Category: Spirits
Sub category: Whisk(e)y
alc./vol: 57.1"
https://www.diffordsguide.com/beer-wine-spirits/2550/bowmore-small-batch,https://cdn.diffords.com/contrib/bws/2017/10/59db8d2c00112.jpg,Bowmore Small Batch,"Category: Spirits
Sub category: Whisk(e)y
alc./vol: 40"
https://www.diffordsguide.com/beer-wine-spirits/2574/glengoyne-21-year-old,https://cdn.diffords.com/contrib/bws/2017/10/59db8d3bcbdd5.jpg,Glengoyne 21 Year Old,"Category: Spirits
Sub category: Whisk(e)y
alc./vol: 43"
https://www.diffordsguide.com/beer-wine-spirits/2577/speyburn-10-year-old,https://cdn.diffords.com/contrib/bws/2024/09/66fa98603dc80.png,Speyburn 10 Year Old,"Category: Spirits
Sub category: Whisk(e)y
alc./vol: 40"
https://www.diffordsguide.com/beer-wine-spirits/2588/bruichladdich-black-art-1989-022-aged-21-years,https://cdn.diffords.com/images/themes/default-v5/beer_wine_spirits/no-bottle-small.jpg,Bruichladdich Black Art 1989 02.2 Aged 21 Years,"Category: Spirits
Sub category: Whisk(e)y
alc./vol: 49.7"
https://www.diffordsguide.com/beer-wine-spirits/2599/ancnoc-35-year-old-2nd-release,https://cdn.diffords.com/contrib/bws/2017/10/59db8d56d3d09.jpg,anCnoc 35 Year Old (2nd Release),"Category: Spirits
Sub category: Whisk(e)y
alc./vol: 41"
https://www.diffordsguide.com/beer-wine-spirits/5728/compass-box-spice-tree-extravaganza,https://cdn.diffords.com/contrib/bws/2017/10/59db8d5e3579e.jpg,Compass Box Spice Tree Extravaganza,"Category: Spirits
Sub category: Whisk(e)y
alc./vol: 46"
https://www.diffordsguide.com/beer-wine-spirits/2661/the-macallan-the-queens-diamond-jubilee,https://cdn.diffords.com/images/themes/default-v5/beer_wine_spirits/no-bottle-small.jpg,The Macallan The Queen's Diamond Jubilee,"Category: Spirits
Sub category: Whisk(e)y
alc./vol: 52"
https://www.diffordsguide.com/beer-wine-spirits/2808/wemyss-strawberry-ganache-1991-glen-scotia,https://cdn.diffords.com/contrib/bws/2017/10/59db8e76bd4c3.jpg,Wemyss Strawberry Ganache 1991 Glen Scotia,"Category: Spirits
Sub category: Whisk(e)y
alc./vol: 46"
https://www.diffordsguide.com/beer-wine-spirits/2812/balblair-1975-2nd-release-bottled-2012,https://cdn.diffords.com/contrib/bws/2017/10/59db8e7a84e5d.jpg,Balblair 1975 (2nd Release) Bottled 2012,"Category: Spirits
Sub category: Whisk(e)y
alc./vol: 46"
https://www.diffordsguide.com/beer-wine-spirits/2864/bowmore-1985-single-malt-whisky-bottled-2012,https://cdn.diffords.com/contrib/bws/2017/10/59db8ea155e68.jpg,Bowmore 1985 Single Malt Whisky (bottled 2012),"Category: Spirits
Sub category: Whisk(e)y
alc./vol: 52.3"
https://www.diffordsguide.com/beer-wine-spirits/2968/balblair-2002-1st-release-bottled-2012,https://cdn.diffords.com/contrib/bws/2017/10/59db8f2174530.jpg,Balblair 2002 (1st Release) Bottled 2012,"Category: Spirits
Sub category: Whisk(e)y
alc./vol: 46"
https://www.diffordsguide.com/beer-wine-spirits/2990/tomintoul-16-year-old-single-malt,https://cdn.diffords.com/images/themes/default-v5/beer_wine_spirits/no-bottle-small.jpg,Tomintoul 16 Year Old Single Malt,"Category: Spirits
Sub category: Whisk(e)y
alc./vol: 40"
https://www.diffordsguide.com/beer-wine-spirits/3005/tomatin-12-year-old,https://cdn.diffords.com/contrib/bws/2017/10/59db8f5b277a4.jpg,Tomatin 12 Year Old,"Category: Spirits
Sub category: Whisk(e)y
alc./vol: 40"
https://www.diffordsguide.com/beer-wine-spirits/3158/balblair-1997-2nd-release-bottled-2012,https://cdn.diffords.com/contrib/bws/2017/10/59db905de53fd.jpg,Balblair 1997 (2nd Release) Bottled 2012,"Category: Spirits
Sub category: Whisk(e)y
alc./vol: 46"
https://www.diffordsguide.com/beer-wine-spirits/3165/auchentoshan-1979-32-year-old,https://cdn.diffords.com/contrib/bws/2017/10/59db90694901f.jpg,Auchentoshan 1979 (32 Year Old),"Category: Spirits
Sub category: Whisk(e)y
alc./vol: 50.5"
https://www.diffordsguide.com/beer-wine-spirits/3168/the-glenlivet-18-year-old-minmore-cask-edition,https://cdn.diffords.com/images/themes/default-v5/beer_wine_spirits/no-bottle-small.jpg,The Glenlivet 18 Year Old Minmore Cask Edition,"Category: Spirits
Sub category: Whisk(e)y
alc./vol: 57.9"
https://www.diffordsguide.com/beer-wine-spirits/3169/the-glenlivet-1968,https://cdn.diffords.com/images/themes/default-v5/beer_wine_spirits/no-bottle-small.jpg,The Glenlivet 1968,"Category: Spirits
Sub category: Whisk(e)y
alc./vol: 50.9"
https://www.diffordsguide.com/beer-wine-spirits/3220/wemyss-autumn-berries-blair-athol-1986,https://cdn.diffords.com/contrib/bws/2017/10/59db90b1e13e1.jpg,Wemyss Autumn Berries Blair Athol 1986,"Category: Spirits
Sub category: Whisk(e)y
alc./vol: 46"
https://www.diffordsguide.com/beer-wine-spirits/3223/jura-30-year-old-standing-stone,https://cdn.diffords.com/contrib/bws/2017/10/59db90b4cc98f.jpg,Jura 30 Year Old Standing Stone,"Category: Spirits
Sub category: Whisk(e)y
alc./vol: 44"
https://www.diffordsguide.com/beer-wine-spirits/3225/royal-lochnagar-select-reserve,https://cdn.diffords.com/images/themes/default-v5/beer_wine_spirits/no-bottle-small.jpg,Royal Lochnagar Select Reserve,"Category: Spirits
Sub category: Whisk(e)y
alc./vol: 43"
https://www.diffordsguide.com/beer-wine-spirits/3235/the-balvenie-17-year-old-doublewood,https://cdn.diffords.com/contrib/bws/2017/10/59db90ccb2dc3.jpg,The Balvenie 17 Year Old Doublewood,"Category: Spirits
Sub category: Whisk(e)y
alc./vol: 43"
https://www.diffordsguide.com/beer-wine-spirits/3236/the-balvenie-15-year-old-single-barrel,https://cdn.diffords.com/contrib/bws/2017/10/59db90cce4b00.png,The Balvenie 15 Year Old Single Barrel,"Category: Spirits
Sub category: Whisk(e)y
alc./vol: 50.4"
https://www.diffordsguide.com/beer-wine-spirits/3264/benromach-peat-smoke-2004,https://cdn.diffords.com/contrib/bws/2017/10/59db911532307.jpg,Benromach Peat Smoke 2004,"Category: Spirits
Sub category: Whisk(e)y
alc./vol: 46"
https://www.diffordsguide.com/beer-wine-spirits/3375/the-arran-malt-orkney-bere-barley-malt-whisky,https://cdn.diffords.com/contrib/bws/2017/10/59db918cbde91.jpg,The Arran Malt Orkney Bere Barley Malt Whisky,"Category: Spirits
Sub category: Whisk(e)y
alc./vol: 46"
https://www.diffordsguide.com/beer-wine-spirits/3395/caol-ila-mochy,https://cdn.diffords.com/images/themes/default-v5/beer_wine_spirits/no-bottle-small.jpg,Caol Ila Mochy,"Category: Spirits
Sub category: Whisk(e)y
alc./vol: 43"
https://www.diffordsguide.com/beer-wine-spirits/3406/aberfeldy-12-year-old-single-malt-whisky,https://cdn.diffords.com/contrib/bws/2020/08/5f2abdfecb473.png,Aberfeldy 12 Year Old single Malt Whisky,"Category: Spirits
Sub category: Whisk(e)y
alc./vol: 40"
https://www.diffordsguide.com/beer-wine-spirits/3412/glen-deveron-15-year-old-single-malt-whisky,https://cdn.diffords.com/images/themes/default-v5/beer_wine_spirits/no-bottle-small.jpg,Glen Deveron 15 Year Old Single Malt Whisky,"Category: Spirits
Sub category: Whisk(e)y
alc./vol: 40"
https://www.diffordsguide.com/beer-wine-spirits/3465/glendronach-18-year-old-allardice,https://cdn.diffords.com/contrib/bws/2017/10/59db922073bfe.jpg,GlenDronach 18 Year Old Allardice,"Category: Spirits
Sub category: Whisk(e)y
alc./vol: 46"
https://www.diffordsguide.com/beer-wine-spirits/3528/glenmorangie-ealanta-1993,https://cdn.diffords.com/contrib/bws/2017/10/59db92600fd4b.jpg,Glenmorangie Ealanta 1993,"Category: Spirits
Sub category: Whisk(e)y
alc./vol: 46"
https://www.diffordsguide.com/beer-wine-spirits/3536/glenglassaugh-evolution,https://cdn.diffords.com/contrib/bws/2017/10/59db926518410.jpg,Glenglassaugh Evolution,"Category: Spirits
Sub category: Whisk(e)y
alc./vol: 57.2"
https://www.diffordsguide.com/beer-wine-spirits/3572/ancnoc-22-year-old,https://cdn.diffords.com/contrib/bws/2017/10/59db92b13e851.jpg,anCnoc 22 Year Old,"Category: Spirits
Sub category: Whisk(e)y
alc./vol: 46"
https://www.diffordsguide.com/beer-wine-spirits/3573/wemyss-malts-billowing-embers-1997,https://cdn.diffords.com/contrib/bws/2017/10/59db92b345ca4.jpg,Wemyss Malts Billowing Embers 1997,"Category: Spirits
Sub category: Whisk(e)y
alc./vol: 46"
https://www.diffordsguide.com/beer-wine-spirits/3574/wemyss-malts-fruit-bonbons-1989,https://cdn.diffords.com/contrib/bws/2017/10/59db92b36ea25.jpg,Wemyss Malts Fruit Bonbons 1989,"Category: Spirits
Sub category: Whisk(e)y
alc./vol: 46"
https://www.diffordsguide.com/beer-wine-spirits/3575/wemyss-summer-orchard-2000-linkwood,https://cdn.diffords.com/contrib/bws/2017/10/59db92b3a2c37.jpg,Wemyss Summer Orchard 2000 Linkwood,"Category: Spirits
Sub category: Whisk(e)y
alc./vol: 46"
https://www.diffordsguide.com/beer-wine-spirits/3626/glencadam-10-year-old,https://cdn.diffords.com/contrib/bws/2017/10/59db92ef4e1b2.jpg,Glencadam 10 Year Old,"Category: Spirits
Sub category: Whisk(e)y
alc./vol: 46"
https://www.diffordsguide.com/beer-wine-spirits/3627/glencadam-15-year-old,https://cdn.diffords.com/contrib/bws/2017/10/59db92ef78eff.jpg,Glencadam 15 Year Old,"Category: Spirits
Sub category: Whisk(e)y
alc./vol: 46"
https://www.diffordsguide.com/beer-wine-spirits/3633/kilchoman-machir-bay,https://cdn.diffords.com/contrib/bws/2017/10/59db92f96d60f.jpg,Kilchoman Machir Bay,"Category: Spirits
Sub category: Whisk(e)y
alc./vol: 46"
https://www.diffordsguide.com/beer-wine-spirits/3709/the-dalmore-valour-highland,https://cdn.diffords.com/contrib/bws/2017/10/59db9388c0b7e.jpg,The Dalmore Valour Highland,"Category: Spirits
Sub category: Whisk(e)y
alc./vol: 40"
https://www.diffordsguide.com/beer-wine-spirits/3743/bowmore-tempest-no4,https://cdn.diffords.com/contrib/bws/2017/10/59db93af7c94d.jpg,Bowmore Tempest No.4,"Category: Spirits
Sub category: Whisk(e)y
alc./vol: 55.1"
https://www.diffordsguide.com/beer-wine-spirits/3797/talisker-port-ruighe,https://cdn.diffords.com/contrib/bws/2017/10/59db93c423779.jpg,Talisker Port Ruighe,"Category: Spirits
Sub category: Whisk(e)y
alc./vol: 45.8"
https://www.diffordsguide.com/beer-wine-spirits/3827/kilchoman-loch-gorm-2009-bottled-2013,https://cdn.diffords.com/contrib/bws/2017/10/59db93de430cc.jpg,Kilchoman Loch Gorm 2009 bottled 2013,"Category: Spirits
Sub category: Whisk(e)y
alc./vol: 46"
https://www.diffordsguide.com/beer-wine-spirits/3828/wemyss-malts-ginger-spice-1988-glenrothes,https://cdn.diffords.com/contrib/bws/2017/10/59db93deab49e.jpg,Wemyss Malts Ginger Spice 1988 Glenrothes,"Category: Spirits
Sub category: Whisk(e)y
alc./vol: 46"
https://www.diffordsguide.com/beer-wine-spirits/3829/wemyss-malts-chocolate-honeycomb-2001-bunnahabhain,https://cdn.diffords.com/contrib/bws/2017/10/59db93dedbbf6.jpg,Wemyss Malts Chocolate Honeycomb 2001 Bunnahabhain,"Category: Spirits
Sub category: Whisk(e)y
alc./vol: 46"
https://www.diffordsguide.com/beer-wine-spirits/3830/wemyss-malts-candied-fruit-1998-auchentoshan,https://cdn.diffords.com/contrib/bws/2017/10/59db93df1a2fd.jpg,Wemyss Malts Candied Fruit 1998 Auchentoshan,"Category: Spirits
Sub category: Whisk(e)y
alc./vol: 46"
https://www.diffordsguide.com/beer-wine-spirits/3840/the-glenlivet-alpha,https://cdn.diffords.com/contrib/bws/2017/10/59db93e917981.jpg,The Glenlivet Alpha,"Category: Spirits
Sub category: Whisk(e)y
alc./vol: 50"
https://www.diffordsguide.com/beer-wine-spirits/3865/tamdhu-10-year-old,https://cdn.diffords.com/contrib/bws/2017/10/59db9417bf475.jpg,Tamdhu 10 Year Old,"Category: Spirits
Sub category: Whisk(e)y
alc./vol: 40"
https://www.diffordsguide.com/beer-wine-spirits/3889/auchentoshan-18-year-old,https://cdn.diffords.com/contrib/bws/2017/10/59db9428ae2fe.jpg,Auchentoshan 18 Year Old,"Category: Spirits
Sub category: Whisk(e)y
alc./vol: 43"
https://www.diffordsguide.com/beer-wine-spirits/4015/the-glenrothes-manse-reserve,https://cdn.diffords.com/contrib/bws/2017/10/59db94eecfa0f.jpg,The Glenrothes Manse Reserve,"Category: Spirits
Sub category: Whisk(e)y
alc./vol: 43"
https://www.diffordsguide.com/beer-wine-spirits/4039/the-glenlivet-15yo-french-oak-reserve,https://cdn.diffords.com/contrib/bws/2017/10/59db95031e461.jpg,The Glenlivet 15yo French Oak Reserve,"Category: Spirits
Sub category: Whisk(e)y
alc./vol: 40"
https://www.diffordsguide.com/beer-wine-spirits/4055/smokehead-extra-black,https://cdn.diffords.com/contrib/bws/2017/10/59db951084c64.jpg,Smokehead Extra Black,"Category: Spirits
Sub category: Whisk(e)y
alc./vol: 46"
https://www.diffordsguide.com/beer-wine-spirits/4070/old-pulteney-navigator,https://cdn.diffords.com/contrib/bws/2017/10/59db9518426f9.jpg,Old Pulteney Navigator,"Category: Spirits
Sub category: Whisk(e)y
alc./vol: 46"
https://www.diffordsguide.com/beer-wine-spirits/4072/lagavulin-12yo-11th-release-bot-2012,https://cdn.diffords.com/images/themes/default-v5/beer_wine_spirits/no-bottle-small.jpg,Lagavulin 12yo 11th Release Bot. 2012,"Category: Spirits
Sub category: Whisk(e)y
alc./vol: 56.1"
https://www.diffordsguide.com/beer-wine-spirits/4074/lagavulin-jazz-2012-single-cask,https://cdn.diffords.com/images/themes/default-v5/beer_wine_spirits/no-bottle-small.jpg,Lagavulin Jazz 2012 Single Cask,"Category: Spirits
Sub category: Whisk(e)y
alc./vol: 54.5"
https://www.diffordsguide.com/beer-wine-spirits/4108/douglas-laing-old-particular-single-cask-milltondu,https://cdn.diffords.com/images/themes/default-v5/beer_wine_spirits/no-bottle-small.jpg,Douglas Laing Old Particular Single Cask Milltondu,"Category: Spirits
Sub category: Whisk(e)y
alc./vol: 48.4"
https://www.diffordsguide.com/beer-wine-spirits/4143/the-arran-millennium-edition,https://cdn.diffords.com/contrib/bws/2017/10/59db95564bdf7.jpg,The Arran Millennium Edition,"Category: Spirits
Sub category: Whisk(e)y
alc./vol: 53.5"
https://www.diffordsguide.com/beer-wine-spirits/4159/wemyss-malts-longmorn-1992-coconut-and-sandalwood,https://cdn.diffords.com/contrib/bws/2017/10/59db957723bd8.jpg,Wemyss Malts Longmorn 1992 Coconut and Sandalwood,"Category: Spirits
Sub category: Whisk(e)y
alc./vol: 46"
https://www.diffordsguide.com/beer-wine-spirits/4170/brora-35-year-old-distilled-1997,https://cdn.diffords.com/contrib/bws/2017/10/59db957d4dbb8.jpg,"Brora 35 Year Old, Distilled 1997","Category: Spirits
Sub category: Whisk(e)y
alc./vol: 49.9"
https://www.diffordsguide.com/beer-wine-spirits/4171/caol-ila-stitchell-reserve,https://cdn.diffords.com/contrib/bws/2017/10/59db957dbd85b.jpg,Caol Ila Stitchell Reserve,"Category: Spirits
Sub category: Whisk(e)y
alc./vol: 59.6"
https://www.diffordsguide.com/beer-wine-spirits/4178/singleton-of-dufftown-28-year-old-distilled-1985,https://cdn.diffords.com/contrib/bws/2017/10/59db95833eff4.jpg,"Singleton of Dufftown 28 Year Old, Distilled 1985","Category: Spirits
Sub category: Whisk(e)y
alc./vol: 52.3"
https://www.diffordsguide.com/beer-wine-spirits/4181/bruichladdich-the-classic-laddie,https://cdn.diffords.com/contrib/bws/2024/04/6630f57fb824b.jpg,Bruichladdich The Classic Laddie,"Category: Spirits
Sub category: Whisk(e)y
alc./vol: 50"
https://www.diffordsguide.com/beer-wine-spirits/4182/bruichladdich-islay-barley-rockside-farm-2007,https://cdn.diffords.com/contrib/bws/2017/10/59db9585ebc06.jpg,Bruichladdich Islay Barley Rockside Farm 2007,"Category: Spirits
Sub category: Whisk(e)y
alc./vol: 50"
https://www.diffordsguide.com/beer-wine-spirits/4183/port-charlotte-scottish-barley,https://cdn.diffords.com/contrib/bws/2017/10/59db958663555.jpg,Port Charlotte Scottish Barley,"Category: Spirits
Sub category: Whisk(e)y
alc./vol: 50"
https://www.diffordsguide.com/beer-wine-spirits/4185/octomore-scottish-barley-061-aged-5-years,https://cdn.diffords.com/contrib/bws/2017/10/59db958730cee.jpg,Octomore Scottish Barley 06.1 Aged 5 Years,"Category: Spirits
Sub category: Whisk(e)y
alc./vol: 57"
https://www.diffordsguide.com/beer-wine-spirits/4186/the-glenlivet-12yo-first-fill,https://cdn.diffords.com/contrib/bws/2017/10/59db95883a4ed.jpg,The Glenlivet 12yo First Fill,"Category: Spirits
Sub category: Whisk(e)y
alc./vol: 40"
https://www.diffordsguide.com/beer-wine-spirits/4187/the-glenlivet-15-year-old,https://cdn.diffords.com/contrib/bws/2020/08/5f3bb2b242540.jpg,The Glenlivet 15 Year Old,"Category: Spirits
Sub category: Whisk(e)y
alc./vol: 40"
https://www.diffordsguide.com/beer-wine-spirits/4188/the-whisky-exchange-linkwood-16-year-old-retro-lab,https://cdn.diffords.com/contrib/bws/2017/10/59db95898e129.jpg,The Whisky Exchange Linkwood 16 Year Old Retro Lab,"Category: Spirits
Sub category: Whisk(e)y
alc./vol: 48"
https://www.diffordsguide.com/beer-wine-spirits/4189/the-whisky-exchange-ledaig-7yo-retro-label,https://cdn.diffords.com/contrib/bws/2017/10/59db9589d1db0.jpg,The Whisky Exchange Ledaig 7yo Retro Label,"Category: Spirits
Sub category: Whisk(e)y
alc./vol: 59.4"
https://www.diffordsguide.com/beer-wine-spirits/4190/signatory-laphroaig-1998-15yo,https://cdn.diffords.com/contrib/bws/2017/10/59db958a0d4f8.jpg,Signatory Laphroaig 1998 15yo,"Category: Spirits
Sub category: Whisk(e)y
alc./vol: 60.8"
https://www.diffordsguide.com/beer-wine-spirits/4208/aberlour-16-year-old-double-cask,https://cdn.diffords.com/contrib/bws/2017/10/59db959bc2621.jpg,Aberlour 16 Year Old Double Cask,"Category: Spirits
Sub category: Whisk(e)y
alc./vol: 43"
https://www.diffordsguide.com/beer-wine-spirits/4219/ancnoc-peter-arkle-4th-edition,https://cdn.diffords.com/contrib/bws/2017/10/59db95b0632e7.jpg,anCnoc Peter Arkle 4th Edition,"Category: Spirits
Sub category: Whisk(e)y
alc./vol: 46"
https://www.diffordsguide.com/beer-wine-spirits/4220/glenfiddich-spirit-of-a-nation-29-year-old,https://cdn.diffords.com/contrib/bws/2017/10/59db95b16f911.jpg,Glenfiddich Spirit of A Nation 29 Year-Old,"Category: Spirits
Sub category: Whisk(e)y
alc./vol: 48.8"
https://www.diffordsguide.com/beer-wine-spirits/4304/bowmore-darkest-15yo,https://cdn.diffords.com/contrib/bws/2017/10/59db95c2006e3.jpg,Bowmore Darkest 15yo,"Category: Spirits
Sub category: Whisk(e)y
alc./vol: 43"
https://www.diffordsguide.com/beer-wine-spirits/4252/tsmws-take-me-up-to-the-ball-game-cask-4185,https://cdn.diffords.com/images/themes/default-v5/beer_wine_spirits/no-bottle-small.jpg,T.S.M.W.S. Take Me Up To The Ball Game Cask 4.185,"Category: Spirits
Sub category: Whisk(e)y
alc./vol: 60.8"
https://www.diffordsguide.com/beer-wine-spirits/4288/the-glenlivet-exotic-the-guardians-chapter,https://cdn.diffords.com/contrib/bws/2017/10/59db95edc08b4.jpg,The Glenlivet Exotic The Guardians’ Chapter,"Category: Spirits
Sub category: Whisk(e)y
alc./vol: 48.7"
https://www.diffordsguide.com/beer-wine-spirits/4291/edradour-7yo-2006-oloroso-sherry-cask-240,https://cdn.diffords.com/contrib/bws/2017/10/59db95ef74dc5.jpg,Edradour 7yo 2006 Oloroso Sherry Cask #240,"Category: Spirits
Sub category: Whisk(e)y
alc./vol: 59.2"
https://www.diffordsguide.com/beer-wine-spirits/4298/bowmore-mariner-15-year-old,https://cdn.diffords.com/contrib/bws/2017/10/59db95f8e365e.jpg,Bowmore Mariner 15 Year Old,"Category: Spirits
Sub category: Whisk(e)y
alc./vol: 43"
https://www.diffordsguide.com/beer-wine-spirits/4301/de-vere-26-year-old-1986,https://cdn.diffords.com/contrib/bws/2017/10/59db95fbde022.jpg,De Vere 26 Year Old 1986,"Category: Spirits
Sub category: Whisk(e)y
alc./vol: 48"
https://www.diffordsguide.com/beer-wine-spirits/4306/bowmore-18-year-old,https://cdn.diffords.com/contrib/bws/2017/10/59db95fea7532.jpg,Bowmore 18 Year Old,"Category: Spirits
Sub category: Whisk(e)y
alc./vol: 43"
https://www.diffordsguide.com/beer-wine-spirits/4308/the-single-malts-of-scotland-tormore-25yo-1988,https://cdn.diffords.com/contrib/bws/2017/10/59db960435a7e.jpg,The Single Malts of Scotland Tormore 25yo 1988,"Category: Spirits
Sub category: Whisk(e)y
alc./vol: 64.2"
https://www.diffordsguide.com/beer-wine-spirits/4309/elements-of-islay-lg4,https://cdn.diffords.com/contrib/bws/2017/10/59db96048bb00.jpg,Elements of Islay LG4,"Category: Spirits
Sub category: Whisk(e)y
alc./vol: 55.7"
https://www.diffordsguide.com/beer-wine-spirits/4311/elements-of-islay-bw3-islay-single-malt-whisky,https://cdn.diffords.com/contrib/bws/2017/10/59db960537eb3.jpg,Elements of Islay BW3 Islay Single Malt Whisky,"Category: Spirits
Sub category: Whisk(e)y
alc./vol: 51.6"
https://www.diffordsguide.com/beer-wine-spirits/4346/talisker-triple-matured-edition,https://cdn.diffords.com/contrib/bws/2017/10/59db96172259d.jpg,Talisker Triple Matured Edition,"Category: Spirits
Sub category: Whisk(e)y
alc./vol: 48"
https://www.diffordsguide.com/beer-wine-spirits/4347/royal-lochnagar-triple-matured,https://cdn.diffords.com/contrib/bws/2017/10/59db96188e810.jpg,Royal Lochnagar Triple Matured,"Category: Spirits
Sub category: Whisk(e)y
alc./vol: 48"
https://www.diffordsguide.com/beer-wine-spirits/4392/glenmorangie-companta,https://cdn.diffords.com/contrib/bws/2017/10/59db96509e45d.jpg,Glenmorangie Companta,"Category: Spirits
Sub category: Whisk(e)y
alc./vol: 46"
https://www.diffordsguide.com/beer-wine-spirits/4456/tormore-16-year-old,https://cdn.diffords.com/contrib/bws/2017/10/59db9686c505a.jpg,Tormore 16 Year Old,"Category: Spirits
Sub category: Whisk(e)y
alc./vol: 48"
https://www.diffordsguide.com/beer-wine-spirits/4458/ardbeg-uigeadail,https://cdn.diffords.com/contrib/bws/2017/10/59db96897af32.jpg,Ardbeg Uigeadail,"Category: Spirits
Sub category: Whisk(e)y
alc./vol: 54.2"
https://www.diffordsguide.com/beer-wine-spirits/4480/the-arran-malt-17-year-old,https://cdn.diffords.com/contrib/bws/2017/10/59db96b2c5566.jpg,The Arran Malt 17 Year Old,"Category: Spirits
Sub category: Whisk(e)y
alc./vol: 46"
https://www.diffordsguide.com/beer-wine-spirits/4493/wemyss-malts-apple-basket-1997-clynelish,https://cdn.diffords.com/contrib/bws/2017/10/59db96c8f3d17.jpg,Wemyss Malts Apple Basket 1997 Clynelish,"Category: Spirits
Sub category: Whisk(e)y
alc./vol: 46"
https://www.diffordsguide.com/beer-wine-spirits/4524/kilchoman-loch-gorm-5yo-bot-2014,https://cdn.diffords.com/contrib/bws/2017/10/59db97056696e.jpg,Kilchoman Loch Gorm 5yo (bot 2014),"Category: Spirits
Sub category: Whisk(e)y
alc./vol: 46"
https://www.diffordsguide.com/beer-wine-spirits/4571/kilchoman-100-islay-4th-edition,https://cdn.diffords.com/contrib/bws/2017/10/59db974ca9ed1.jpg,Kilchoman 100% Islay 4th Edition,"Category: Spirits
Sub category: Whisk(e)y
alc./vol: 50"
https://www.diffordsguide.com/beer-wine-spirits/4572/the-glenlivet-nadurra-oloroso,https://cdn.diffords.com/contrib/bws/2017/10/59db974d23b8f.jpg,The Glenlivet Nadurra Oloroso,"Category: Spirits
Sub category: Whisk(e)y
alc./vol: 48"
https://www.diffordsguide.com/beer-wine-spirits/4573/laphroaig-select,https://cdn.diffords.com/contrib/bws/2017/10/59db974d485ef.jpg,Laphroaig Select,"Category: Spirits
Sub category: Whisk(e)y
alc./vol: 40"
https://www.diffordsguide.com/beer-wine-spirits/4606/bowmore-black-rock,https://cdn.diffords.com/contrib/bws/2017/10/59db978bf2021.jpg,Bowmore Black Rock,"Category: Spirits
Sub category: Whisk(e)y
alc./vol: 40"
https://www.diffordsguide.com/beer-wine-spirits/4628/old-pulteney-35-year-old,https://cdn.diffords.com/contrib/bws/2017/10/59db97a3597ac.jpg,Old Pulteney 35 Year Old,"Category: Spirits
Sub category: Whisk(e)y
alc./vol: 42.5"
https://www.diffordsguide.com/beer-wine-spirits/4664/highland-park-dark-origins,https://cdn.diffords.com/contrib/bws/2017/10/59db97c6756cf.JPG,Highland Park Dark Origins,"Category: Spirits
Sub category: Whisk(e)y
alc./vol: 46.8"
https://www.diffordsguide.com/beer-wine-spirits/4795/strathmill-25-year-old-distilled-1988,https://cdn.diffords.com/contrib/bws/2017/10/59db98045d291.jpg,Strathmill 25 Year Old Distilled 1988,"Category: Spirits
Sub category: Whisk(e)y
alc./vol: 52.4"
https://www.diffordsguide.com/beer-wine-spirits/4826/ardbeg-supernova-2014,https://cdn.diffords.com/contrib/bws/2017/10/59db980d1b971.jpg,Ardbeg Supernova 2014,"Category: Spirits
Sub category: Whisk(e)y
alc./vol: 55"
https://www.diffordsguide.com/beer-wine-spirits/4832/glen-grant-the-majors-reserve,https://cdn.diffords.com/contrib/bws/2017/10/59db980f4001e.jpg,Glen Grant The Major's Reserve,"Category: Spirits
Sub category: Whisk(e)y
alc./vol: 40"
https://www.diffordsguide.com/beer-wine-spirits/4853/bunnahabhain-18-year-old,https://cdn.diffords.com/contrib/bws/2017/10/59db981755d90.jpg,Bunnahabhain 18 Year Old,"Category: Spirits
Sub category: Whisk(e)y
alc./vol: 46.3"
https://www.diffordsguide.com/beer-wine-spirits/4856/deanston-12-year-old,https://cdn.diffords.com/contrib/bws/2017/10/59db981884a29.jpg,Deanston 12 Year Old,"Category: Spirits
Sub category: Whisk(e)y
alc./vol: 46.3"
https://www.diffordsguide.com/beer-wine-spirits/4860/benriach-curiositas-10-year-old,https://cdn.diffords.com/contrib/bws/2017/10/59db9822256ad.jpg,BenRiach Curiositas 10 Year Old,"Category: Spirits
Sub category: Whisk(e)y
alc./vol: 46"
https://www.diffordsguide.com/beer-wine-spirits/4898/compass-box-whisky-the-lost-blend,https://cdn.diffords.com/contrib/bws/2017/10/59db98351638e.jpg,Compass Box Whisky The Lost Blend,"Category: Spirits
Sub category: Whisk(e)y
alc./vol: 46"
https://www.diffordsguide.com/beer-wine-spirits/4906/wemyss-malts-smoke-on-the-water-caol-ila-1982,https://cdn.diffords.com/contrib/bws/2017/10/59db983721961.jpg,Wemyss Malts Smoke on the Water Caol Ila 1982,"Category: Spirits
Sub category: Whisk(e)y
alc./vol: 46"
https://www.diffordsguide.com/beer-wine-spirits/4910/wemyss-malts-cayenne-cocoa-bean-clynelish-1997,https://cdn.diffords.com/contrib/bws/2017/10/59db9837d351b.jpg,Wemyss Malts Cayenne Cocoa Bean Clynelish 1997,"Category: Spirits
Sub category: Whisk(e)y
alc./vol: 46"
https://www.diffordsguide.com/beer-wine-spirits/4911/wemyss-malts-melon-vine-aberfeldy-1994,https://cdn.diffords.com/contrib/bws/2017/10/59db983808a4d.jpg,Wemyss Malts Melon Vine Aberfeldy 1994,"Category: Spirits
Sub category: Whisk(e)y
alc./vol: 46"
https://www.diffordsguide.com/beer-wine-spirits/4916/craigellachie-19-year-old,https://cdn.diffords.com/contrib/bws/2017/10/59db98393f2ec.jpg,Craigellachie 19 Year Old,"Category: Spirits
Sub category: Whisk(e)y
alc./vol: 46"
https://www.diffordsguide.com/beer-wine-spirits/4924/auchentoshan-american-oak,https://cdn.diffords.com/images/themes/default-v5/beer_wine_spirits/no-bottle-small.jpg,Auchentoshan American Oak,"Category: Spirits
Sub category: Whisk(e)y
alc./vol: 40"
https://www.diffordsguide.com/beer-wine-spirits/4941/glenrothes-vintage-reserve,https://cdn.diffords.com/contrib/bws/2017/10/59db985729cc0.jpg,Glenrothes Vintage Reserve,"Category: Spirits
Sub category: Whisk(e)y
alc./vol: 40"
https://www.diffordsguide.com/beer-wine-spirits/4964/oban-little-bay,https://cdn.diffords.com/contrib/bws/2017/10/59db989067134.jpg,Oban Little Bay,"Category: Spirits
Sub category: Whisk(e)y
alc./vol: 43"
https://www.diffordsguide.com/beer-wine-spirits/4992/aultmore-12-year-old,https://cdn.diffords.com/contrib/bws/2017/10/59db98fede3e5.jpg,Aultmore 12 year old,"Category: Spirits
Sub category: Whisk(e)y
alc./vol: 46"
https://www.diffordsguide.com/beer-wine-spirits/5087/ancnoc-cutter,https://cdn.diffords.com/contrib/bws/2017/10/59db999252d8d.jpg,anCnoc Cutter,"Category: Spirits
Sub category: Whisk(e)y
alc./vol: 46"
https://www.diffordsguide.com/beer-wine-spirits/5095/ledaig-dusgadh-1972-aged-42-years,https://cdn.diffords.com/contrib/bws/2017/10/59db9995a9dd6.jpg,Ledaig Dusgadh 1972 aged 42 years,"Category: Spirits
Sub category: Whisk(e)y
alc./vol: 46.3"
https://www.diffordsguide.com/beer-wine-spirits/5107/ardbeg-perpetuum,https://cdn.diffords.com/contrib/bws/2017/10/59db99c74b988.jpg,Ardbeg Perpetuum,"Category: Spirits
Sub category: Whisk(e)y
alc./vol: 47.4"
https://www.diffordsguide.com/beer-wine-spirits/5114/peat-monster-cask-strength-magnum,https://cdn.diffords.com/contrib/bws/2017/10/59db99de514b0.jpg,Peat Monster Cask Strength Magnum,"Category: Spirits
Sub category: Whisk(e)y
alc./vol: 57.3"
https://www.diffordsguide.com/beer-wine-spirits/5148/scapa-skiren,https://cdn.diffords.com/images/themes/default-v5/beer_wine_spirits/no-bottle-small.jpg,Scapa Skiren,"Category: Spirits
Sub category: Whisk(e)y
alc./vol: 40"
https://www.diffordsguide.com/beer-wine-spirits/5175/dalwhinnie-winters-gold,https://cdn.diffords.com/contrib/bws/2017/10/59db9a608707a.jpg,Dalwhinnie Winter's Gold,"Category: Spirits
Sub category: Whisk(e)y
alc./vol: 43"
https://www.diffordsguide.com/beer-wine-spirits/5188/royal-brackla-16-year-old,https://cdn.diffords.com/contrib/bws/2017/10/59db9a71a23e6.jpg,Royal Brackla 16 Year Old,"Category: Spirits
Sub category: Whisk(e)y
alc./vol: 40"
https://www.diffordsguide.com/beer-wine-spirits/5215/glenmorangie-a-midwinter-nights-dram,https://cdn.diffords.com/contrib/bws/2017/10/59db9ad3edcbb.jpg,Glenmorangie A Midwinter Night's Dram,"Category: Spirits
Sub category: Whisk(e)y
alc./vol: 43"
https://www.diffordsguide.com/beer-wine-spirits/5224/dalwhinnie-25-year-old-distilled-1989,https://cdn.diffords.com/contrib/bws/2017/10/59db9aea845b1.jpg,Dalwhinnie 25 year old Distilled 1989,"Category: Spirits
Sub category: Whisk(e)y
alc./vol: 48.8"
https://www.diffordsguide.com/beer-wine-spirits/5230/lagavulin-12-year-old-2015-release,https://cdn.diffords.com/contrib/bws/2017/10/59db9afe12337.jpg,Lagavulin 12 Year Old 2015 Release,"Category: Spirits
Sub category: Whisk(e)y
alc./vol: 56.8"
https://www.diffordsguide.com/beer-wine-spirits/5261/old-pulteney-1989-bottled-2015,https://cdn.diffords.com/contrib/bws/2017/10/59db9b24b683f.jpg,Old Pulteney 1989 (bottled 2015),"Category: Spirits
Sub category: Whisk(e)y
alc./vol: 46"
https://www.diffordsguide.com/beer-wine-spirits/5267/the-balvenie-14-year-old-caribbean-cask,https://cdn.diffords.com/contrib/bws/2017/10/59db9b351aa4b.jpg,The Balvenie 14 Year Old Caribbean Cask,"Category: Spirits
Sub category: Whisk(e)y
alc./vol: 43"
https://www.diffordsguide.com/beer-wine-spirits/5328/talisker-neist-point,https://cdn.diffords.com/contrib/bws/2017/10/59db9b9f591ce.jpg,Talisker Neist Point,"Category: Spirits
Sub category: Whisk(e)y
alc./vol: 45.8"
https://www.diffordsguide.com/beer-wine-spirits/5329/talisker-dark-storm,https://cdn.diffords.com/contrib/bws/2017/10/59db9b9f6ca9c.jpg,Talisker Dark Storm,"Category: Spirits
Sub category: Whisk(e)y
alc./vol: 45.8"
https://www.diffordsguide.com/beer-wine-spirits/5332/glenmorangie-milsean-private-edition,https://cdn.diffords.com/contrib/bws/2017/10/59db9ba2313ad.jpg,Glenmorangie Milsean Private Edition,"Category: Spirits
Sub category: Whisk(e)y
alc./vol: 46"
https://www.diffordsguide.com/beer-wine-spirits/5331/the-kininvie-25yo-special-release-1-first-drops,https://cdn.diffords.com/contrib/bws/2017/10/59db9bb76fa32.jpg,The Kininvie 25yo Special Release #1 First Drops,"Category: Spirits
Sub category: Whisk(e)y
alc./vol: 61.4"
https://www.diffordsguide.com/beer-wine-spirits/5336/port-askaig-100-proof,https://cdn.diffords.com/contrib/bws/2017/10/59db9bbb61e1a.jpg,Port Askaig 100 Proof,"Category: Spirits
Sub category: Whisk(e)y
alc./vol: 57.1"
https://www.diffordsguide.com/beer-wine-spirits/5391/port-askaig-16-year-old,https://cdn.diffords.com/contrib/bws/2017/10/59db9c0c9222b.jpg,Port Askaig 16 Year Old,"Category: Spirits
Sub category: Whisk(e)y
alc./vol: 45.8"
https://www.diffordsguide.com/beer-wine-spirits/5417/ailsa-bay-lowland-single-malt-scotch-whisky,https://cdn.diffords.com/contrib/bws/2017/10/59db9c2d78057.jpg,Ailsa Bay Lowland single malt Scotch whisky,"Category: Spirits
Sub category: Whisk(e)y
alc./vol: 48.9"
https://www.diffordsguide.com/beer-wine-spirits/5439/ledaig-1996-20-year-old,https://cdn.diffords.com/contrib/bws/2017/10/59db9c5bcbf6f.jpg,Ledaig 1996 (20 Year Old),"Category: Spirits
Sub category: Whisk(e)y
alc./vol: 46.3"
https://www.diffordsguide.com/beer-wine-spirits/5477/deanston-15-year-old-organic,https://cdn.diffords.com/contrib/bws/2017/10/59db9caf1433c.jpg,Deanston 15 Year Old Organic,"Category: Spirits
Sub category: Whisk(e)y
alc./vol: 46.3"
https://www.diffordsguide.com/beer-wine-spirits/5482/highland-park-ice-edition,https://cdn.diffords.com/contrib/bws/2017/10/59db9cb33c600.jpg,Highland Park Ice Edition,"Category: Spirits
Sub category: Whisk(e)y
alc./vol: 53.9"
https://www.diffordsguide.com/beer-wine-spirits/5483/laphroaig-lore,https://cdn.diffords.com/contrib/bws/2017/10/59db9cb6f2bd1.jpg,Laphroaig Lore,"Category: Spirits
Sub category: Whisk(e)y
alc./vol: 48"
https://www.diffordsguide.com/beer-wine-spirits/5485/benromach-sassicia-2007,https://cdn.diffords.com/contrib/bws/2017/10/59db9cb8d7cd8.jpg,Benromach Sassicia 2007,"Category: Spirits
Sub category: Whisk(e)y
alc./vol: 43"
https://www.diffordsguide.com/beer-wine-spirits/5497/elements-of-islay-peat,https://cdn.diffords.com/contrib/bws/2017/10/59db9cce2d02f.jpg,Elements of Islay Peat,"Category: Spirits
Sub category: Whisk(e)y
alc./vol: 59.3"
https://www.diffordsguide.com/beer-wine-spirits/5571/glen-grant-12-year-old,https://cdn.diffords.com/contrib/bws/2017/10/59db9d69d3b32.jpg,Glen Grant 12 Year Old,"Category: Spirits
Sub category: Whisk(e)y
alc./vol: 40"
https://www.diffordsguide.com/beer-wine-spirits/5572/glen-grant-12-year-old-non-chill-filtered,https://cdn.diffords.com/contrib/bws/2017/10/59db9d6d5a804.jpg,Glen Grant 12 Year Old Non Chill Filtered,"Category: Spirits
Sub category: Whisk(e)y
alc./vol: 48"
https://www.diffordsguide.com/beer-wine-spirits/5581/tobermory-42-year-old,https://cdn.diffords.com/contrib/bws/2017/10/59db9d7476d7b.jpg,Tobermory 42 Year Old,"Category: Spirits
Sub category: Whisk(e)y
alc./vol: 48.1"
https://www.diffordsguide.com/beer-wine-spirits/5582/glen-grant-18-year-old,https://cdn.diffords.com/contrib/bws/2017/10/59db9d76b12d3.jpg,Glen Grant 18 Year Old,"Category: Spirits
Sub category: Whisk(e)y
alc./vol: 43"
https://www.diffordsguide.com/beer-wine-spirits/5656/wemyss-malt-honeysuckle-bower-1995,https://cdn.diffords.com/contrib/bws/2017/10/59db9e0550a9b.jpg,Wemyss Malt Honeysuckle Bower 1995,"Category: Spirits
Sub category: Whisk(e)y
alc./vol: 46"
https://www.diffordsguide.com/beer-wine-spirits/5680/caol-ila-15-year-old-unpeated-distilled-2000,https://cdn.diffords.com/contrib/bws/2017/10/59db9e67606f9.jpg,Caol Ila 15 Year Old Unpeated (Distilled 2000),"Category: Spirits
Sub category: Whisk(e)y
alc./vol: 61.5"
https://www.diffordsguide.com/beer-wine-spirits/5683/glenkinchie-24-year-old-distilled-1991,https://cdn.diffords.com/contrib/bws/2017/10/59db9e736cd5d.jpg,Glenkinchie 24 Year Old (Distilled 1991),"Category: Spirits
Sub category: Whisk(e)y
alc./vol: 57.2"
https://www.diffordsguide.com/beer-wine-spirits/5684/lagavulin-12-year-old-16th-release,https://cdn.diffords.com/contrib/bws/2017/10/59db9e747c888.jpg,Lagavulin 12 Year Old 16th Release,"Category: Spirits
Sub category: Whisk(e)y
alc./vol: 57.7"
https://www.diffordsguide.com/beer-wine-spirits/5711/benromach-hermitage-2007,https://cdn.diffords.com/contrib/bws/2017/10/59db9eb71f134.jpg,Benromach Hermitage 2007,"Category: Spirits
Sub category: Whisk(e)y
alc./vol: 45"
https://www.diffordsguide.com/beer-wine-spirits/5712/longmorn-23-year-old,https://cdn.diffords.com/contrib/bws/2017/10/59db9ec07cbcb.jpg,Longmorn 23 Year Old,"Category: Spirits
Sub category: Whisk(e)y
alc./vol: 48"
https://www.diffordsguide.com/beer-wine-spirits/5773/tamdhu-batch-strength-no-002,https://cdn.diffords.com/contrib/bws/2017/10/59db9f2d0b1df.jpeg,Tamdhu Batch Strength No. 002,"Category: Spirits
Sub category: Whisk(e)y
alc./vol: 58.5"
https://www.diffordsguide.com/beer-wine-spirits/5797/cardhu-gold-reserve,https://cdn.diffords.com/contrib/bws/2017/10/59db9f4b6c6c8.jpg,Cardhu Gold Reserve,"Category: Spirits
Sub category: Whisk(e)y
alc./vol: 40"
https://www.diffordsguide.com/beer-wine-spirits/5961/ardbeg-kelpie,https://cdn.diffords.com/contrib/bws/2017/10/59dba107361d5.jpg,Ardbeg Kelpie,"Category: Spirits
Sub category: Whisk(e)y
alc./vol: 46"
https://www.diffordsguide.com/beer-wine-spirits/5969/highland-park-valkyrie,https://cdn.diffords.com/contrib/bws/2017/10/59dba114b1213.jpg,Highland Park Valkyrie,"Category: Spirits
Sub category: Whisk(e)y
alc./vol: 45.9"
https://www.diffordsguide.com/beer-wine-spirits/6014/jura-one-and-all-cask-strength-20-year-old,https://cdn.diffords.com/contrib/bws/2017/10/59dba1cb4ad43.jpg,Jura One And All (cask strength) 20 Year Old,"Category: Spirits
Sub category: Whisk(e)y
alc./vol: 51"
https://www.diffordsguide.com/beer-wine-spirits/6099/glen-moray-mastery-120th-anniversary,https://cdn.diffords.com/contrib/bws/2017/11/5a0ff38075efe.jpg,Glen Moray Mastery 120th Anniversary,"Category: Spirits
Sub category: Whisk(e)y
alc./vol: 52.3"
https://www.diffordsguide.com/beer-wine-spirits/6149/glenmorangie-spios-private-edition-no9,https://cdn.diffords.com/contrib/bws/2018/02/5a8d55fb0e7fd.jpg,Glenmorangie Spios Private Edition No.9,"Category: Spirits
Sub category: Whisk(e)y
alc./vol: 46"
https://www.diffordsguide.com/beer-wine-spirits/6377/berry-bros-and-rudd-speyside-blended-malt,https://cdn.diffords.com/contrib/bws/2019/03/5c8f92eb60270.jpg,Berry Bros & Rudd Speyside Blended Malt,"Category: Spirits
Sub category: Whisk(e)y
alc./vol: 44.2"
https://www.diffordsguide.com/beer-wine-spirits/6378/berry-bros-and-rudd-sherry-cask-matured-blended-malt,https://cdn.diffords.com/contrib/bws/2019/03/5c8f947cb4181.jpg,Berry Bros & Rudd Sherry Cask Matured Blended Malt,"Category: Spirits
Sub category: Whisk(e)y
alc./vol: 44.2"
https://www.diffordsguide.com/beer-wine-spirits/6379/berry-bros-and-rudd-islay-blended-malt,https://cdn.diffords.com/contrib/bws/2019/03/5c8fc0ceb4b68.jpg,Berry Bros. & Rudd Islay Blended Malt,"Category: Spirits
Sub category: Whisk(e)y
alc./vol: 44.2"
https://www.diffordsguide.com/beer-wine-spirits/6554/aberfeldy-15-year-old-pomerol-cask,https://cdn.diffords.com/contrib/bws/2019/11/5dbdc40e5eae2.jpg,Aberfeldy 15 Year Old Pomerol Cask,"Category: Spirits
Sub category: Whisk(e)y
alc./vol: 43"
https://www.diffordsguide.com/beer-wine-spirits/6644/angels-nectar-islay-edition-single-malt,https://cdn.diffords.com/contrib/bws/2020/03/5e67761e7fd7c.jpg,Angels' Nectar Islay Edition Single Malt,"Category: Spirits
Sub category: Whisk(e)y
alc./vol: 47"
https://www.diffordsguide.com/beer-wine-spirits/6711/the-glenlivet-12-year-old,https://cdn.diffords.com/contrib/bws/2020/06/5eef6012ed1b0.jpg,The Glenlivet 12 Year Old,"Category: Spirits
Sub category: Whisk(e)y
alc./vol: 40"
https://www.diffordsguide.com/beer-wine-spirits/6753/ncnean-organic-single-malt,https://cdn.diffords.com/contrib/bws/2020/09/5f5f9b37d6e23.jpg,Nc'nean Organic Single Malt,"Category: Spirits
Sub category: Whisk(e)y
alc./vol: 46"
https://www.diffordsguide.com/beer-wine-spirits/7161/glenmorangie-the-elementa,https://cdn.diffords.com/contrib/bws/2021/09/614f057e7ac0f.jpg,Glenmorangie The Elementa,"Category: Spirits
Sub category: Whisk(e)y
alc./vol: 46"
https://www.diffordsguide.com/beer-wine-spirits/7162/glenmorangie-the-accord,https://cdn.diffords.com/contrib/bws/2021/09/614f03a5ee2c0.jpg,Glenmorangie The Accord,"Category: Spirits
Sub category: Whisk(e)y
alc./vol: 43"
https://www.diffordsguide.com/beer-wine-spirits/7197/mackintosh-blended-malt-scotch-whisky,https://cdn.diffords.com/contrib/bws/2021/10/617ad29747170.jpg,Mackintosh Blended Malt Scotch Whisky,"Category: Spirits
Sub category: Whisk(e)y
alc./vol: 41"
https://www.diffordsguide.com/beer-wine-spirits/7483/ncnean-huntress,https://cdn.diffords.com/contrib/bws/2022/05/627ec22799891.jpg,Nc'Nean Huntress,"Category: Spirits
Sub category: Whisk(e)y
alc./vol: 48.5"
https://www.diffordsguide.com/beer-wine-spirits/7768/caisteal-chamuis-heavily-peated-blended-malt,https://cdn.diffords.com/contrib/bws/2022/12/63a47bc56f335.jpg,Caisteal Chamuis Heavily Peated Blended Malt,"Category: Spirits
Sub category: Whisk(e)y
alc./vol: 46"
https://www.diffordsguide.com/beer-wine-spirits/7769/caisteal-chamuis-12-year-old-blended-malt,https://cdn.diffords.com/contrib/bws/2022/12/63a484441c887.jpg,Caisteal Chamuis 12 Year Old Blended Malt,"Category: Spirits
Sub category: Whisk(e)y
alc./vol: 46"
https://www.diffordsguide.com/beer-wine-spirits/37/glengoyne-10-year-old,https://cdn.diffords.com/contrib/bws/2017/10/59db807334668.jpg,Glengoyne 10 Year Old,"Category: Spirits
Sub category: Whisk(e)y
alc./vol: 40"
https://www.diffordsguide.com/beer-wine-spirits/408/mackinlay-rare-old-highland-malt-shackleton,https://cdn.diffords.com/contrib/bws/2017/10/59db824a7d6fd.jpg,Mackinlay Rare Old Highland Malt (Shackleton),"Category: Spirits
Sub category: Whisk(e)y
alc./vol: 47.3"
https://www.diffordsguide.com/beer-wine-spirits/435/naked-malt,https://cdn.diffords.com/contrib/bws/2022/11/6376151b54d43.jpg,Naked Malt,"Category: Spirits
Sub category: Whisk(e)y
alc./vol: 40"
https://www.diffordsguide.com/beer-wine-spirits/493/glen-moray-16-year-old,https://cdn.diffords.com/contrib/bws/2017/10/59db82b7867c3.jpg,Glen Moray 16 Year Old,"Category: Spirits
Sub category: Whisk(e)y
alc./vol: 40"
https://www.diffordsguide.com/beer-wine-spirits/494/glen-moray-10-year-old-chardonnay-cask,https://cdn.diffords.com/contrib/bws/2017/10/59db82b80b97f.jpg,Glen Moray 10 Year Old Chardonnay Cask,"Category: Spirits
Sub category: Whisk(e)y
alc./vol: 40"
https://www.diffordsguide.com/beer-wine-spirits/498/kilchoman-the-inaugural-100,https://cdn.diffords.com/contrib/bws/2017/10/59db82bf93004.jpg,Kilchoman The Inaugural 100%,"Category: Spirits
Sub category: Whisk(e)y
alc./vol: 50"
https://www.diffordsguide.com/beer-wine-spirits/504/auchentoshan-1999-bordeaux-cask-matured,https://cdn.diffords.com/contrib/bws/2017/10/59db82c659cd9.jpg,Auchentoshan 1999 Bordeaux Cask Matured,"Category: Spirits
Sub category: Whisk(e)y
alc./vol: 58.2"
https://www.diffordsguide.com/beer-wine-spirits/544/laphroaig-quarter-cask,https://cdn.diffords.com/contrib/bws/2017/10/59db833903374.jpg,Laphroaig Quarter Cask,"Category: Spirits
Sub category: Whisk(e)y
alc./vol: 48"
https://www.diffordsguide.com/beer-wine-spirits/600/bowmore-tempest-no2-10-year-old,https://cdn.diffords.com/contrib/bws/2017/10/59db836e14388.jpg,Bowmore Tempest No.2 10 Year Old,"Category: Spirits
Sub category: Whisk(e)y
alc./vol: 55.3"
https://www.diffordsguide.com/beer-wine-spirits/602/glen-deveron-10-year-old-single-malt-whisky,https://cdn.diffords.com/contrib/bws/2017/10/59db837119a88.jpg,Glen Deveron 10 Year Old Single Malt Whisky,"Category: Spirits
Sub category: Whisk(e)y
alc./vol: 40"
https://www.diffordsguide.com/beer-wine-spirits/604/the-arran-malt-icons-of-arran-peacock,https://cdn.diffords.com/contrib/bws/2017/10/59db8372b11c8.jpg,The Arran Malt Icons of Arran Peacock,"Category: Spirits
Sub category: Whisk(e)y
alc./vol: 46"
https://www.diffordsguide.com/beer-wine-spirits/608/caol-ila-unpeated-10-year-old-1998,https://cdn.diffords.com/contrib/bws/2017/10/59db8373e0608.jpg,Caol Ila Unpeated 10 Year Old 1998,"Category: Spirits
Sub category: Whisk(e)y
alc./vol: 65.8"
https://www.diffordsguide.com/beer-wine-spirits/611/lagavulin-12yo-8th-release-bot-2009,https://cdn.diffords.com/contrib/bws/2017/10/59db8376e6663.jpg,"Lagavulin 12yo, 8th Release, Bot. 2009","Category: Spirits
Sub category: Whisk(e)y
alc./vol: 59.9"
https://www.diffordsguide.com/beer-wine-spirits/657/the-dalmore-18-year-old-first-release-oct-09,https://cdn.diffords.com/contrib/bws/2017/10/59db83aa469c2.jpg,The Dalmore 18 Year Old (first release Oct-09),"Category: Spirits
Sub category: Whisk(e)y
alc./vol: 43"
https://www.diffordsguide.com/beer-wine-spirits/676/longmorn-16-year-old,https://cdn.diffords.com/contrib/bws/2017/10/59db83bba5854.jpg,Longmorn 16 Year Old,"Category: Spirits
Sub category: Whisk(e)y
alc./vol: 48"
https://www.diffordsguide.com/beer-wine-spirits/772/the-original-oldbury-sheep-dip,https://cdn.diffords.com/contrib/bws/2017/10/59db845e1fd30.jpg,The Original Oldbury Sheep Dip,"Category: Spirits
Sub category: Whisk(e)y
alc./vol: 40"
https://www.diffordsguide.com/beer-wine-spirits/799/wemyss-the-hive-12yo-blended-malt-scotch-whisky,https://cdn.diffords.com/contrib/bws/2017/10/59db848fca1a2.jpg,Wemyss The Hive 12yo Blended Malt Scotch Whisky,"Category: Spirits
Sub category: Whisk(e)y
alc./vol: 40"
https://www.diffordsguide.com/beer-wine-spirits/801/wemyss-peat-chimney-12y-blended-malt-scotch-whisky,https://cdn.diffords.com/contrib/bws/2017/10/59db849044a0f.jpg,Wemyss Peat Chimney 12y Blended Malt Scotch Whisky,"Category: Spirits
Sub category: Whisk(e)y
alc./vol: 40"
https://www.diffordsguide.com/beer-wine-spirits/924/bruichladdich-the-laddie-ten,https://cdn.diffords.com/contrib/bws/2017/10/59db856c98ffd.jpg,Bruichladdich The Laddie Ten,"Category: Spirits
Sub category: Whisk(e)y
alc./vol: 46"
https://www.diffordsguide.com/beer-wine-spirits/1022/the-glenrothes-1998-vintage-bottled-2009,https://cdn.diffords.com/contrib/bws/2017/10/59db85bdd6520.jpg,The Glenrothes 1998 Vintage (bottled 2009),"Category: Spirits
Sub category: Whisk(e)y
alc./vol: 43"
https://www.diffordsguide.com/beer-wine-spirits/1023/the-glenrothes-1988-vintage-bottled-2009,https://cdn.diffords.com/contrib/bws/2017/10/59db85be23b1f.jpg,The Glenrothes 1988 Vintage (bottled 2009),"Category: Spirits
Sub category: Whisk(e)y
alc./vol: 43"
https://www.diffordsguide.com/beer-wine-spirits/1049/benromach-10-year-old,https://cdn.diffords.com/contrib/bws/2017/10/59db85d516937.jpg,Benromach 10 year old,"Category: Spirits
Sub category: Whisk(e)y
alc./vol: 43"
https://www.diffordsguide.com/beer-wine-spirits/1073/old-pulteney-12-year-old,https://cdn.diffords.com/contrib/bws/2017/10/59db85eb364d2.jpg,Old Pulteney 12 Year Old,"Category: Spirits
Sub category: Whisk(e)y
alc./vol: 40"
https://www.diffordsguide.com/beer-wine-spirits/1084/glen-garioch-1986,https://cdn.diffords.com/contrib/bws/2017/10/59db85fa7e855.jpg,Glen Garioch 1986,"Category: Spirits
Sub category: Whisk(e)y
alc./vol: 54.6"
https://www.diffordsguide.com/beer-wine-spirits/1105/knockando-25-year-old-distilled-1985,https://cdn.diffords.com/contrib/bws/2017/10/59db860d7cfa7.jpg,Knockando 25 year old (distilled 1985),"Category: Spirits
Sub category: Whisk(e)y
alc./vol: 43"
https://www.diffordsguide.com/beer-wine-spirits/1106/lagavulin-12yo-10th-release-distilled-1999,https://cdn.diffords.com/contrib/bws/2017/10/59db860e18207.jpg,"Lagavulin 12yo, 10th Release, Distilled 1999","Category: Spirits
Sub category: Whisk(e)y
alc./vol: 56.5"
https://www.diffordsguide.com/beer-wine-spirits/1190/wemyss-caribbean-fruits-glencadam-1990-21yo,https://cdn.diffords.com/images/themes/default-v5/beer_wine_spirits/no-bottle-small.jpg,Wemyss Caribbean Fruits ‘Glencadam’ 1990 (21yo,"Category: Spirits
Sub category: Whisk(e)y
alc./vol: 46"
https://www.diffordsguide.com/beer-wine-spirits/1291/the-glenlivet-founders-reserve,https://cdn.diffords.com/contrib/bws/2017/10/59db871e97079.jpg,The Glenlivet Founder's Reserve,"Category: Spirits
Sub category: Whisk(e)y
alc./vol: 40"
https://www.diffordsguide.com/beer-wine-spirits/1302/tobermory-10-year-old,https://cdn.diffords.com/contrib/bws/2017/10/59db872d81dd3.jpg,Tobermory 10 Year Old,"Category: Spirits
Sub category: Whisk(e)y
alc./vol: 46.3"
https://www.diffordsguide.com/beer-wine-spirits/1328/balblair-2001-1st-release-bottled-2011,https://cdn.diffords.com/contrib/bws/2017/10/59db87407a913.jpg,Balblair 2001 (1st Release) Bottled 2011,"Category: Spirits
Sub category: Whisk(e)y
alc./vol: 46"
https://www.diffordsguide.com/beer-wine-spirits/1353/glenkinchie-12-year-old,https://cdn.diffords.com/contrib/bws/2017/10/59db8763acb72.jpg,Glenkinchie 12 Year Old,"Category: Spirits
Sub category: Whisk(e)y
alc./vol: 43"
https://www.diffordsguide.com/beer-wine-spirits/1357/talisker-18-year-old,https://cdn.diffords.com/contrib/bws/2017/10/59db876b02166.jpg,Talisker 18 Year Old,"Category: Spirits
Sub category: Whisk(e)y
alc./vol: 45.8"
https://www.diffordsguide.com/beer-wine-spirits/1361/glen-garioch-1797-founders-reserve,https://cdn.diffords.com/contrib/bws/2017/10/59db876c58ee9.jpg,Glen Garioch 1797 Founder's Reserve,"Category: Spirits
Sub category: Whisk(e)y
alc./vol: 48"
https://www.diffordsguide.com/beer-wine-spirits/1706/glen-grant-10-year-old,https://cdn.diffords.com/contrib/bws/2017/10/59db896fe3d4d.jpg,Glen Grant 10 Year Old,"Category: Spirits
Sub category: Whisk(e)y
alc./vol: 40"
https://www.diffordsguide.com/beer-wine-spirits/1804/jura-elixir,https://cdn.diffords.com/contrib/bws/2017/10/59db8a1427c88.jpg,Jura Elixir,"Category: Spirits
Sub category: Whisk(e)y
alc./vol: 40"
https://www.diffordsguide.com/beer-wine-spirits/2005/the-macallan-fine-oak-21-years-old,https://cdn.diffords.com/contrib/bws/2017/10/59db8af116f37.jpg,The Macallan Fine Oak 21 Years Old,"Category: Spirits
Sub category: Whisk(e)y
alc./vol: 43"
https://www.diffordsguide.com/beer-wine-spirits/2314/glenfiddich-age-of-discovery-madeira-cask-19yo,https://cdn.diffords.com/contrib/bws/2017/10/59db8c1e6c224.jpg,Glenfiddich Age of Discovery Madeira Cask 19yo,"Category: Spirits
Sub category: Whisk(e)y
alc./vol: 40"
https://www.diffordsguide.com/beer-wine-spirits/2480/glenglassaugh-revival,https://cdn.diffords.com/contrib/bws/2017/10/59db8cf244245.jpg,Glenglassaugh Revival,"Category: Spirits
Sub category: Whisk(e)y
alc./vol: 46"
https://www.diffordsguide.com/beer-wine-spirits/2482/wemyss-malts-the-hive-8-year-old,https://cdn.diffords.com/contrib/bws/2017/10/59db8cf798262.jpg,Wemyss Malts The Hive 8-Year-Old,"Category: Spirits
Sub category: Whisk(e)y
alc./vol: 40"
https://www.diffordsguide.com/beer-wine-spirits/2555/the-arran-machrie-moor-1st-edition,https://cdn.diffords.com/contrib/bws/2017/10/59db8d305822b.jpg,The Arran Machrie Moor 1st Edition,"Category: Spirits
Sub category: Whisk(e)y
alc./vol: 46"
https://www.diffordsguide.com/beer-wine-spirits/2583/glenfarclas-1953-vintage-58-year-old,https://cdn.diffords.com/contrib/bws/2017/10/59db8d431dbaf.jpg,Glenfarclas 1953 Vintage 58 Year Old,"Category: Spirits
Sub category: Whisk(e)y
alc./vol: 47.2"
https://www.diffordsguide.com/beer-wine-spirits/2624/the-arran-malt-14-year-old-single-malt-whisky,https://cdn.diffords.com/contrib/bws/2017/10/59db8d8563783.jpg,The Arran Malt 14 Year Old Single Malt Whisky,"Category: Spirits
Sub category: Whisk(e)y
alc./vol: 46"
https://www.diffordsguide.com/beer-wine-spirits/2807/wemyss-lemon-sorbet-single-cask-1998-auchentoshan,https://cdn.diffords.com/contrib/bws/2017/10/59db8e7694439.jpg,Wemyss Lemon Sorbet Single Cask 1998 Auchentoshan,"Category: Spirits
Sub category: Whisk(e)y
alc./vol: 46"
https://www.diffordsguide.com/beer-wine-spirits/2886/glenfiddich-millennium-vintage-dist-2000-bot-20,https://cdn.diffords.com/contrib/bws/2017/10/59db8ebd79440.jpg,"Glenfiddich Millennium Vintage (Dist. 2000, Bot 20","Category: Spirits
Sub category: Whisk(e)y
alc./vol: 40"
https://www.diffordsguide.com/beer-wine-spirits/2957/bowmore-enigma-12-year-old,https://cdn.diffords.com/contrib/bws/2017/10/59db8f026a95d.jpg,Bowmore Enigma 12 Year Old,"Category: Spirits
Sub category: Whisk(e)y
alc./vol: 40"
https://www.diffordsguide.com/beer-wine-spirits/2970/cask-strength-benriach-16yo-1996-pedro,https://cdn.diffords.com/contrib/bws/2017/10/59db8f254892a.jpg,Cask Strength BenRiach 16yo 1996 Pedro,"Category: Spirits
Sub category: Whisk(e)y
alc./vol: 55.2"
https://www.diffordsguide.com/beer-wine-spirits/3006/tomatin-15-year-old,https://cdn.diffords.com/contrib/bws/2017/10/59db8f5c55d8b.jpg,Tomatin 15 Year Old,"Category: Spirits
Sub category: Whisk(e)y
alc./vol: 43"
https://www.diffordsguide.com/beer-wine-spirits/3067/the-macallan-gold-1824-series,https://cdn.diffords.com/contrib/bws/2017/10/59db8fb5cca2b.jpg,The Macallan Gold (1824 Series),"Category: Spirits
Sub category: Whisk(e)y
alc./vol: 40"
https://www.diffordsguide.com/beer-wine-spirits/3068/the-arran-malt-robert-burns,https://cdn.diffords.com/contrib/bws/2017/10/59db8fb6e574a.jpg,The Arran Malt Robert Burns,"Category: Spirits
Sub category: Whisk(e)y
alc./vol: 43"
https://www.diffordsguide.com/beer-wine-spirits/3126/abhainn-dearg-single-malt-whisky,https://cdn.diffords.com/images/themes/default-v5/beer_wine_spirits/no-bottle-small.jpg,Abhainn Dearg Single Malt Whisky,"Category: Spirits
Sub category: Whisk(e)y
alc./vol: 46"
https://www.diffordsguide.com/beer-wine-spirits/3154/ancnoc-peter-arkle-2nd-edition,https://cdn.diffords.com/contrib/bws/2017/10/59db904ee3b09.jpg,anCnoc Peter Arkle 2nd Edition,"Category: Spirits
Sub category: Whisk(e)y
alc./vol: 46"
https://www.diffordsguide.com/beer-wine-spirits/3219/wemyss-lemon-smoke-1996-caol-ila,https://cdn.diffords.com/contrib/bws/2017/10/59db90b1a7fdb.jpg,Wemyss Lemon Smoke 1996 Caol Ila,"Category: Spirits
Sub category: Whisk(e)y
alc./vol: 46"
https://www.diffordsguide.com/beer-wine-spirits/3226/royal-lochnagar-12-year-old,https://cdn.diffords.com/images/themes/default-v5/beer_wine_spirits/no-bottle-small.jpg,Royal Lochnagar 12 Year Old,"Category: Spirits
Sub category: Whisk(e)y
alc./vol: 40"
https://www.diffordsguide.com/beer-wine-spirits/3237/talisker-distillers-edition,https://cdn.diffords.com/images/themes/default-v5/beer_wine_spirits/no-bottle-small.jpg,Talisker Distillers Edition,"Category: Spirits
Sub category: Whisk(e)y
alc./vol: 45.8"
https://www.diffordsguide.com/beer-wine-spirits/3391/caol-ila-12-year-old,https://cdn.diffords.com/contrib/bws/2017/10/59db91970f805.jpg,Caol Ila 12 Year Old,"Category: Spirits
Sub category: Whisk(e)y
alc./vol: 43"
https://www.diffordsguide.com/beer-wine-spirits/3396/caol-ila-unpeated-1998-special-release-2009-10yo,https://cdn.diffords.com/images/themes/default-v5/beer_wine_spirits/no-bottle-small.jpg,Caol Ila Unpeated 1998 (Special Release 2009) 10yo,"Category: Spirits
Sub category: Whisk(e)y
alc./vol: 65.8"
https://www.diffordsguide.com/beer-wine-spirits/3409/master-of-malt-benrinnes-14yo-single-cask,https://cdn.diffords.com/images/themes/default-v5/beer_wine_spirits/no-bottle-small.jpg,Master of Malt Benrinnes 14yo Single Cask,"Category: Spirits
Sub category: Whisk(e)y
alc./vol: 57.8"
https://www.diffordsguide.com/beer-wine-spirits/3539/poit-dhubh-12-year-old,https://cdn.diffords.com/contrib/bws/2017/10/59db9265d0434.jpg,Poit Dhubh 12 Year Old,"Category: Spirits
Sub category: Whisk(e)y
alc./vol: 43"
https://www.diffordsguide.com/beer-wine-spirits/3619/talisker-storm,https://cdn.diffords.com/contrib/bws/2017/10/59db92e643164.jpg,Talisker Storm,"Category: Spirits
Sub category: Whisk(e)y
alc./vol: 45.8"
https://www.diffordsguide.com/beer-wine-spirits/3784/auchentoshan-three-wood,https://cdn.diffords.com/contrib/bws/2017/10/59db93b8ac386.jpg,Auchentoshan Three Wood,"Category: Spirits
Sub category: Whisk(e)y
alc./vol: 43"
https://www.diffordsguide.com/beer-wine-spirits/3864/the-macallan-spanish-oak-coronation-cask-190952,https://cdn.diffords.com/contrib/bws/2017/10/59db94162a8a3.jpg,The Macallan Spanish Oak Coronation Cask 190952,"Category: Spirits
Sub category: Whisk(e)y
alc./vol: 55.7"
https://www.diffordsguide.com/beer-wine-spirits/3878/ancnoc-peter-arkle-3rd-edition,https://cdn.diffords.com/contrib/bws/2017/10/59db942096506.jpg,anCnoc Peter Arkle 3rd Edition,"Category: Spirits
Sub category: Whisk(e)y
alc./vol: 46"
https://www.diffordsguide.com/beer-wine-spirits/3970/wemyss-spiced-chocolate-cup-single-cask-1997,https://cdn.diffords.com/contrib/bws/2017/10/59db94aa58a9f.jpg,Wemyss Spiced Chocolate Cup Single Cask 1997,"Category: Spirits
Sub category: Whisk(e)y
alc./vol: 46"
https://www.diffordsguide.com/beer-wine-spirits/3972/wemyss-malts-apple-pastry-single-cask-1991-linkwoo,https://cdn.diffords.com/contrib/bws/2017/10/59db94aaa8108.jpg,Wemyss Malts Apple Pastry Single Cask 1991 Linkwoo,"Category: Spirits
Sub category: Whisk(e)y
alc./vol: 46"
https://www.diffordsguide.com/beer-wine-spirits/4014/the-glenrothes-elders-reserve,https://cdn.diffords.com/contrib/bws/2017/10/59db94ee5e1f1.jpg,The Glenrothes Elders' Reserve,"Category: Spirits
Sub category: Whisk(e)y
alc./vol: 43"
https://www.diffordsguide.com/beer-wine-spirits/4016/auchentoshan-virgin-oak,https://cdn.diffords.com/contrib/bws/2017/10/59db94ef5c703.jpg,Auchentoshan Virgin Oak,"Category: Spirits
Sub category: Whisk(e)y
alc./vol: 46"
https://www.diffordsguide.com/beer-wine-spirits/4054/the-six-isles,https://cdn.diffords.com/contrib/bws/2017/10/59db951069eb3.jpg,The Six Isles,"Category: Spirits
Sub category: Whisk(e)y
alc./vol: 43"
https://www.diffordsguide.com/beer-wine-spirits/4101/glenfiddich-reserve-cask,https://cdn.diffords.com/contrib/bws/2017/10/59db952ac6434.jpg,Glenfiddich Reserve Cask,"Category: Spirits
Sub category: Whisk(e)y
alc./vol: 40"
https://www.diffordsguide.com/beer-wine-spirits/4146/the-macallan-amber-1824-series,https://cdn.diffords.com/contrib/bws/2017/10/59db955b1f766.jpg,The Macallan Amber 1824 Series,"Category: Spirits
Sub category: Whisk(e)y
alc./vol: 40"
https://www.diffordsguide.com/beer-wine-spirits/4158/wemyss-malts-glen-garioch-1989-brandy-casket,https://cdn.diffords.com/contrib/bws/2017/10/59db9576ef778.jpg,Wemyss Malts Glen Garioch 1989 Brandy Casket,"Category: Spirits
Sub category: Whisk(e)y
alc./vol: 46"
https://www.diffordsguide.com/beer-wine-spirits/4172/cardhu-21-year-old-distilled-1991,https://cdn.diffords.com/contrib/bws/2017/10/59db957e6f448.jpg,"Cardhu 21 Year Old, Distilled 1991","Category: Spirits
Sub category: Whisk(e)y
alc./vol: 54.2"
https://www.diffordsguide.com/beer-wine-spirits/4174/lagavulin-12-year-old-12th-release-distilled-1977,https://cdn.diffords.com/contrib/bws/2017/10/59db95808975e.jpg,Lagavulin 12 Year Old 12th Release Distilled 1977,"Category: Spirits
Sub category: Whisk(e)y
alc./vol: 55.1"
https://www.diffordsguide.com/beer-wine-spirits/4206/aberlour-12-year-old-double-cask,https://cdn.diffords.com/contrib/bws/2017/10/59db9596962a9.jpg,Aberlour 12 Year Old Double Cask,"Category: Spirits
Sub category: Whisk(e)y
alc./vol: 40"
https://www.diffordsguide.com/beer-wine-spirits/4238/glenmorangie-taghta,https://cdn.diffords.com/contrib/bws/2017/10/59db95c14af19.jpg,Glenmorangie Taghta,"Category: Spirits
Sub category: Whisk(e)y
alc./vol: 45"
https://www.diffordsguide.com/beer-wine-spirits/4250/tsmws-chocolate-coke-float-cask-12571,https://cdn.diffords.com/images/themes/default-v5/beer_wine_spirits/no-bottle-small.jpg,T.S.M.W.S. Chocolate Coke Float Cask 125.71,"Category: Spirits
Sub category: Whisk(e)y
alc./vol: 58.7"
https://www.diffordsguide.com/beer-wine-spirits/4322/the-bomb-px-cask-finish,https://cdn.diffords.com/contrib/bws/2017/10/59db960ac4d97.jpg,The Bomb PX Cask Finish,"Category: Spirits
Sub category: Whisk(e)y
alc./vol: 45.6"
https://www.diffordsguide.com/beer-wine-spirits/4455/tormore-14-year-old,https://cdn.diffords.com/contrib/bws/2017/10/59db96863579a.jpg,Tormore 14 Year Old,"Category: Spirits
Sub category: Whisk(e)y
alc./vol: 43"
https://www.diffordsguide.com/beer-wine-spirits/4770/glen-garioch-renaissance-1st-chapter-15yo,https://cdn.diffords.com/contrib/bws/2017/10/59db97f6eb1c5.jpg,Glen Garioch Renaissance 1st Chapter 15yo,"Category: Spirits
Sub category: Whisk(e)y
alc./vol: 51.9"
https://www.diffordsguide.com/beer-wine-spirits/4779/mortlach-special-strength,https://cdn.diffords.com/contrib/bws/2017/10/59db97f91a4f0.jpg,Mortlach Special Strength,"Category: Spirits
Sub category: Whisk(e)y
alc./vol: 49"
https://www.diffordsguide.com/beer-wine-spirits/4798/the-singleton-of-glendullan-38-year-old-distilled,https://cdn.diffords.com/contrib/bws/2017/10/59db9805bbacd.jpg,The Singleton of Glendullan 38 Year Old Distilled,"Category: Spirits
Sub category: Whisk(e)y
alc./vol: 59.8"
https://www.diffordsguide.com/beer-wine-spirits/4799/benrinnes-21-year-old-distilled-1992,https://cdn.diffords.com/contrib/bws/2017/10/59db980653e6b.jpg,Benrinnes 21 Year Old Distilled 1992,"Category: Spirits
Sub category: Whisk(e)y
alc./vol:"
https://www.diffordsguide.com/beer-wine-spirits/4811/auchentoshan-1988-wine-cask-finish-25-year-old,https://cdn.diffords.com/contrib/bws/2017/10/59db980a89b63.jpg,Auchentoshan 1988 Wine Cask Finish 25 Year Old,"Category: Spirits
Sub category: Whisk(e)y
alc./vol: 47.6"
https://www.diffordsguide.com/beer-wine-spirits/4837/tweeddale-lowland-14yo-batch-4,https://cdn.diffords.com/contrib/bws/2017/10/59db981323c4d.jpg,Tweeddale Lowland 14yo Batch 4,"Category: Spirits
Sub category: Whisk(e)y
alc./vol: 46"
https://www.diffordsguide.com/beer-wine-spirits/4849/the-ardmore-legacy,https://cdn.diffords.com/contrib/bws/2017/10/59db9816a3fae.jpg,The Ardmore Legacy,"Category: Spirits
Sub category: Whisk(e)y
alc./vol: 40"
https://www.diffordsguide.com/beer-wine-spirits/4855/deanston-virgin-oak,https://cdn.diffords.com/contrib/bws/2017/10/59db98185867b.jpg,Deanston Virgin Oak,"Category: Spirits
Sub category: Whisk(e)y
alc./vol: 46.3"
https://www.diffordsguide.com/beer-wine-spirits/4857/scallywag-blended-malt-scotch-whisky,https://cdn.diffords.com/contrib/bws/2017/10/59db981b1de73.jpg,Scallywag blended malt Scotch whisky,"Category: Spirits
Sub category: Whisk(e)y
alc./vol: 46"
https://www.diffordsguide.com/beer-wine-spirits/4865/benriach-16-year-old,https://cdn.diffords.com/contrib/bws/2017/10/59db9822d48f1.jpg,BenRiach 16 Year Old,"Category: Spirits
Sub category: Whisk(e)y
alc./vol: 43"
https://www.diffordsguide.com/beer-wine-spirits/4868/glenglassaugh-torfa,https://cdn.diffords.com/contrib/bws/2017/10/59db98250da12.jpg,Glenglassaugh Torfa,"Category: Spirits
Sub category: Whisk(e)y
alc./vol: 50"
https://www.diffordsguide.com/beer-wine-spirits/4907/wemyss-malts-oysters-and-lemon-pearls-bunnahabhain,https://cdn.diffords.com/contrib/bws/2017/10/59db9837499b9.jpg,Wemyss Malts Oysters and Lemon Pearls Bunnahabhain,"Category: Spirits
Sub category: Whisk(e)y
alc./vol: 46"
https://www.diffordsguide.com/beer-wine-spirits/4909/wemyss-malts-peaches-and-cream-glen-garioch-1989,https://cdn.diffords.com/contrib/bws/2017/10/59db9837a9239.jpg,Wemyss Malts Peaches and Cream Glen Garioch 1989,"Category: Spirits
Sub category: Whisk(e)y
alc./vol: 46"
https://www.diffordsguide.com/beer-wine-spirits/4914/wemyss-malts-velvet-fig,https://cdn.diffords.com/contrib/bws/2017/10/59db9838a50ee.jpg,Wemyss Malts Velvet Fig,"Category: Spirits
Sub category: Whisk(e)y
alc./vol: 46"
https://www.diffordsguide.com/beer-wine-spirits/4917/craigellachie-17-year-old,https://cdn.diffords.com/contrib/bws/2017/10/59db983967ef9.jpg,Craigellachie 17 Year Old,"Category: Spirits
Sub category: Whisk(e)y
alc./vol: 46"
https://www.diffordsguide.com/beer-wine-spirits/4918/craigellachie-13-year-old,https://cdn.diffords.com/contrib/bws/2017/10/59db983996e62.jpg,Craigellachie 13 Year Old,"Category: Spirits
Sub category: Whisk(e)y
alc./vol: 46"
https://www.diffordsguide.com/beer-wine-spirits/5049/talisker-skye,https://cdn.diffords.com/contrib/bws/2017/10/59db99660b15d.jpeg,Talisker Skye,"Category: Spirits
Sub category: Whisk(e)y
alc./vol: 45.8"
https://www.diffordsguide.com/beer-wine-spirits/5176/ancnoc-2000,https://cdn.diffords.com/contrib/bws/2017/10/59db9a624c87c.jpg,AnCnoc 2000,"Category: Spirits
Sub category: Whisk(e)y
alc./vol: 46"
https://www.diffordsguide.com/beer-wine-spirits/5347/ancnoc-rascan,https://cdn.diffords.com/contrib/bws/2017/10/59db9bd6181fa.jpg,anCnoc Rascan,"Category: Spirits
Sub category: Whisk(e)y
alc./vol: 46"
https://www.diffordsguide.com/beer-wine-spirits/5416/ancnoc-blas,https://cdn.diffords.com/contrib/bws/2017/10/59db9c27dc26e.JPG,anCnoc Blas,"Category: Spirits
Sub category: Whisk(e)y
alc./vol: 54"
https://www.diffordsguide.com/beer-wine-spirits/5486/longmorn-the-distillers-choice,https://cdn.diffords.com/contrib/bws/2017/10/59db9cb94372e.jpg,Longmorn The Distiller's Choice,"Category: Spirits
Sub category: Whisk(e)y
alc./vol: 40"
https://www.diffordsguide.com/beer-wine-spirits/5517/ardbeg-dark-cove,https://cdn.diffords.com/contrib/bws/2017/10/59db9ce8c9feb.jpg,Ardbeg Dark Cove,"Category: Spirits
Sub category: Whisk(e)y
alc./vol: 46.5"
https://www.diffordsguide.com/beer-wine-spirits/5536/lagavulin-8-year-old-200th-anniversary-bottling,https://cdn.diffords.com/contrib/bws/2017/10/59db9d089b826.jpg,Lagavulin 8 Year Old 200th Anniversary Bottling,"Category: Spirits
Sub category: Whisk(e)y
alc./vol: 48"
https://www.diffordsguide.com/beer-wine-spirits/5559/glen-moray-classic-sherry-cask-finish,https://cdn.diffords.com/contrib/bws/2017/10/59db9d5a488de.jpeg,Glen Moray Classic Sherry Cask Finish,"Category: Spirits
Sub category: Whisk(e)y
alc./vol: 43"
https://www.diffordsguide.com/beer-wine-spirits/5659/kingsbarns-new-make-spirit-drink,https://cdn.diffords.com/contrib/bws/2017/10/59db9e065c2d8.jpg,Kingsbarns New Make Spirit Drink,"Category: Spirits
Sub category: Whisk(e)y
alc./vol: 63.5"
https://www.diffordsguide.com/beer-wine-spirits/5681/cragganmore-6th-special-releases-limited-edition,https://cdn.diffords.com/contrib/bws/2017/10/59db9e6855042.jpg,Cragganmore 6th Special Releases Limited Edition,"Category: Spirits
Sub category: Whisk(e)y
alc./vol: 55.7"
https://www.diffordsguide.com/beer-wine-spirits/5709/scapa-glansa,https://cdn.diffords.com/contrib/bws/2017/10/59db9ea820790.jpg,Scapa Glansa,"Category: Spirits
Sub category: Whisk(e)y
alc./vol: 40"
https://www.diffordsguide.com/beer-wine-spirits/5738/highland-park-fire-edition,https://cdn.diffords.com/contrib/bws/2017/10/59db9ee565967.JPG,Highland Park Fire Edition,"Category: Spirits
Sub category: Whisk(e)y
alc./vol: 45.2"
https://www.diffordsguide.com/beer-wine-spirits/5957/laphroaig-four-oak-islay-single-malt-scotch-whisky,https://cdn.diffords.com/contrib/bws/2017/10/59dba0fe245ca.jpg,Laphroaig Four Oak Islay Single Malt Scotch Whisky,"Category: Spirits
Sub category: Whisk(e)y
alc./vol: 40"
https://www.diffordsguide.com/beer-wine-spirits/6593/ncnean-botanical-spirit,https://cdn.diffords.com/contrib/bws/2019/12/5df0fd8f24a51.jpeg,Nc'nean Botanical Spirit,"Category: Spirits
Sub category: Whisk(e)y
alc./vol: 40"
https://www.diffordsguide.com/beer-wine-spirits/7372/jg-thomson-rich-blended-malt-scotch-whisky,https://cdn.diffords.com/contrib/bws/2022/02/620139f65f216.jpeg,J.G. Thomson Rich Blended Malt Scotch Whisky,"Category: Spirits
Sub category: Whisk(e)y
alc./vol: 46"
https://www.diffordsguide.com/beer-wine-spirits/7390/jg-thomson-smoky-blended-malt-scotch-whisky,https://cdn.diffords.com/contrib/bws/2022/02/621cc7b82cc6b.jpg,J.G. Thomson Smoky Blended Malt Scotch Whisky,"Category: Spirits
Sub category: Whisk(e)y
alc./vol: 46"
https://www.diffordsguide.com/beer-wine-spirits/491/glen-moray-classic,https://cdn.diffords.com/contrib/bws/2017/10/59db82b6bbf59.jpg,Glen Moray Classic,"Category: Spirits
Sub category: Whisk(e)y
alc./vol: 40"
https://www.diffordsguide.com/beer-wine-spirits/492/glen-moray-12-year-old,https://cdn.diffords.com/contrib/bws/2017/10/59db82b703956.jpg,Glen Moray 12 Year Old,"Category: Spirits
Sub category: Whisk(e)y
alc./vol: 40"
https://www.diffordsguide.com/beer-wine-spirits/610/mannochmore-18-year-old-1990,https://cdn.diffords.com/contrib/bws/2017/10/59db83753efbd.jpg,Mannochmore 18 Year Old 1990,"Category: Spirits
Sub category: Whisk(e)y
alc./vol: 54.9"
https://www.diffordsguide.com/beer-wine-spirits/664/glenfarclas-1989,https://cdn.diffords.com/contrib/bws/2017/10/59db83b0c0efd.jpg,Glenfarclas 1989,"Category: Spirits
Sub category: Whisk(e)y
alc./vol: 60"
https://www.diffordsguide.com/beer-wine-spirits/770/highland-park-earl-magnus-edition-1,https://cdn.diffords.com/contrib/bws/2017/10/59db8459ce9bd.jpg,Highland Park Earl Magnus Edition ‘1’,"Category: Spirits
Sub category: Whisk(e)y
alc./vol: 52.6"
https://www.diffordsguide.com/beer-wine-spirits/774/ardbeg-rollercoaster,https://cdn.diffords.com/contrib/bws/2017/10/59db845fbdd77.jpg,Ardbeg Rollercoaster,"Category: Spirits
Sub category: Whisk(e)y
alc./vol: 57.3"
https://www.diffordsguide.com/beer-wine-spirits/800/wemyss-spice-king-12yo-blended-malt-scotch-whisky,https://cdn.diffords.com/contrib/bws/2017/10/59db8490166be.jpg,Wemyss Spice King 12yo Blended Malt Scotch Whisky,"Category: Spirits
Sub category: Whisk(e)y
alc./vol: 40"
https://www.diffordsguide.com/beer-wine-spirits/1306/auchentoshan-12-year-old,https://cdn.diffords.com/contrib/bws/2017/10/59db872e2cfbe.jpg,Auchentoshan 12 Year Old,"Category: Spirits
Sub category: Whisk(e)y
alc./vol: 40"
https://www.diffordsguide.com/beer-wine-spirits/1347/jura-origin-10-year-old,https://cdn.diffords.com/contrib/bws/2017/10/59db8759c54cb.jpg,Jura Origin 10 Year Old,"Category: Spirits
Sub category: Whisk(e)y
alc./vol: 40"
https://www.diffordsguide.com/beer-wine-spirits/2991/tomintoul-10-year-old-single-malt,https://cdn.diffords.com/images/themes/default-v5/beer_wine_spirits/no-bottle-small.jpg,Tomintoul 10 Year Old Single Malt,"Category: Spirits
Sub category: Whisk(e)y
alc./vol: 40"
https://www.diffordsguide.com/beer-wine-spirits/3971/wemyss-salted-caramels-single-cask-1991-glen-scoti,https://cdn.diffords.com/contrib/bws/2017/10/59db94aa8065a.jpg,Wemyss Salted Caramels Single Cask 1991 Glen Scoti,"Category: Spirits
Sub category: Whisk(e)y
alc./vol: 46"
https://www.diffordsguide.com/beer-wine-spirits/4099/glenfiddich-select-cask,https://cdn.diffords.com/contrib/bws/2017/10/59db952a1e4e0.jpg,Glenfiddich Select Cask,"Category: Spirits
Sub category: Whisk(e)y
alc./vol: 40"
https://www.diffordsguide.com/beer-wine-spirits/4157/wemyss-malts-auchentoshan-1998-tarte-au-citron,https://cdn.diffords.com/contrib/bws/2017/10/59db9576c05e6.jpg,Wemyss Malts Auchentoshan 1998 Tarte Au Citron,"Category: Spirits
Sub category: Whisk(e)y
alc./vol: 46"
https://www.diffordsguide.com/beer-wine-spirits/4804/lagavulin-12-year-old-13th-release-2002,https://cdn.diffords.com/contrib/bws/2017/10/59db9808dab37.jpg,Lagavulin 12 Year Old 13th Release 2002,"Category: Spirits
Sub category: Whisk(e)y
alc./vol: 54.4"
https://www.diffordsguide.com/beer-wine-spirits/4869/ledaig-10-year-old,https://cdn.diffords.com/contrib/bws/2017/10/59db982574b7f.jpg,Ledaig 10 Year Old,"Category: Spirits
Sub category: Whisk(e)y
alc./vol: 46.3"
https://www.diffordsguide.com/beer-wine-spirits/4908/wemyss-malts-at-anchor-in-a-cove-glen-scotia-1991,https://cdn.diffords.com/contrib/bws/2017/10/59db9837765a3.jpg,Wemyss Malts At Anchor in a Cove Glen Scotia 1991,"Category: Spirits
Sub category: Whisk(e)y
alc./vol: 46"
https://www.diffordsguide.com/beer-wine-spirits/5424/douglas-laings-xop-glen-grant-30-years-old,https://cdn.diffords.com/contrib/bws/2017/10/59db9c42b0f62.jpg,Douglas Laing's XOP Glen Grant 30 Years Old,"Category: Spirits
Sub category: Whisk(e)y
alc./vol: 59.1"
https://www.diffordsguide.com/beer-wine-spirits/7333/the-gladstone-axe-the-black-axe,https://cdn.diffords.com/contrib/bws/2022/02/61fc500225d40.jpg,The Gladstone Axe The Black Axe,"Category: Spirits
Sub category: Whisk(e)y
alc./vol: 41"
https://www.diffordsguide.com/beer-wine-spirits/7341/the-gladstone-axe-american-oak,https://cdn.diffords.com/contrib/bws/2022/02/61fc4909d400c.jpg,The Gladstone Axe American Oak,"Category: Spirits
Sub category: Whisk(e)y
alc./vol: 41"
https://www.diffordsguide.com/beer-wine-spirits/7391/jg-thomson-sweet-blended-malt-scotch-whisky,https://cdn.diffords.com/contrib/bws/2022/02/621cc9a84f83b.jpg,J.G. Thomson Sweet Blended Malt Scotch Whisky,"Category: Spirits
Sub category: Whisk(e)y
alc./vol: 46"
https://www.diffordsguide.com/beer-wine-spirits/3888/auchentoshan-classic,https://cdn.diffords.com/contrib/bws/2017/10/59db94286f93e.jpg,Auchentoshan Classic,"Category: Spirits
Sub category: Whisk(e)y
alc./vol: 40"
https://www.diffordsguide.com/beer-wine-spirits/4321/the-bomb-oloroso-cask-finish,https://cdn.diffords.com/contrib/bws/2017/10/59db960aa03be.jpg,The Bomb Oloroso Cask Finish,"Category: Spirits
Sub category: Whisk(e)y
alc./vol: 47.4"
https://www.diffordsguide.com/beer-wine-spirits/660/kilchoman-inaugural-release,https://cdn.diffords.com/contrib/bws/2017/10/59db83ae29750.jpg,Kilchoman Inaugural Release,"Category: Spirits
Sub category: Whisk(e)y
alc./vol: 46"
https://www.diffordsguide.com/beer-wine-spirits/12/kilkerran-work-in-progress-i,https://cdn.diffords.com/images/themes/default-v5/beer_wine_spirits/no-bottle-small.jpg,Kilkerran Work in Progress I,"Category: Spirits
Sub category: Whisk(e)y
alc./vol:"
https://www.diffordsguide.com/beer-wine-spirits/54/the-dalmore-trinitas-64-year-old,https://cdn.diffords.com/contrib/bws/2017/10/59db809220b95.jpg,The Dalmore Trinitas 64 Year Old,"Category: Spirits
Sub category: Whisk(e)y
alc./vol:"
https://www.diffordsguide.com/beer-wine-spirits/355/cardhu-12-year-old,https://cdn.diffords.com/images/themes/default-v5/beer_wine_spirits/no-bottle-small.jpg,Cardhu 12 Year Old,"Category: Spirits
Sub category: Whisk(e)y
alc./vol: 40"
https://www.diffordsguide.com/beer-wine-spirits/357/bladnoch-10-year-old,https://cdn.diffords.com/images/themes/default-v5/beer_wine_spirits/no-bottle-small.jpg,Bladnoch 10 Year Old,"Category: Spirits
Sub category: Whisk(e)y
alc./vol: 43"
https://www.diffordsguide.com/beer-wine-spirits/967/the-dalmore-spey-dram,https://cdn.diffords.com/images/themes/default-v5/beer_wine_spirits/no-bottle-small.jpg,The Dalmore Spey Dram,"Category: Spirits
Sub category: Whisk(e)y
alc./vol: 40"
https://www.diffordsguide.com/beer-wine-spirits/1050/benromach-traditional-speyside-single-malt-scotch,https://cdn.diffords.com/contrib/bws/2017/10/59db85d58eb58.jpg,Benromach Traditional Speyside single malt Scotch,"Category: Spirits
Sub category: Whisk(e)y
alc./vol:"
https://www.diffordsguide.com/beer-wine-spirits/1052/benromach-origins-speyside-single-malt-scotch-whis,https://cdn.diffords.com/images/themes/default-v5/beer_wine_spirits/no-bottle-small.jpg,Benromach Origins Speyside single malt Scotch whis,"Category: Spirits
Sub category: Whisk(e)y
alc./vol:"
https://www.diffordsguide.com/beer-wine-spirits/1054/benromach-cask-strength-2001-speyside-single-malt,https://cdn.diffords.com/images/themes/default-v5/beer_wine_spirits/no-bottle-small.jpg,Benromach Cask Strength 2001 Speyside single malt,"Category: Spirits
Sub category: Whisk(e)y
alc./vol:"
https://www.diffordsguide.com/beer-wine-spirits/1055/benromach-25yo-speyside-single-malt-scotch-whisky,https://cdn.diffords.com/contrib/bws/2017/10/59db85d687f09.jpg,Benromach 25yo Speyside single malt Scotch whisky,"Category: Spirits
Sub category: Whisk(e)y
alc./vol:"
https://www.diffordsguide.com/beer-wine-spirits/1056/benromach-30yo-speyside-single-malt-scotch-whisky,https://cdn.diffords.com/contrib/bws/2017/10/59db85d71f03a.jpg,Benromach 30yo Speyside single malt Scotch whisky,"Category: Spirits
Sub category: Whisk(e)y
alc./vol:"
https://www.diffordsguide.com/beer-wine-spirits/1072/old-pulteney-row-to-the-pole,https://cdn.diffords.com/images/themes/default-v5/beer_wine_spirits/no-bottle-small.jpg,Old Pulteney Row to the Pole,"Category: Spirits
Sub category: Whisk(e)y
alc./vol: 40"
https://www.diffordsguide.com/beer-wine-spirits/1272/compass-box-the-spice-tree,https://cdn.diffords.com/contrib/bws/2017/10/59db86d7dcdc5.jpg,Compass Box The Spice Tree,"Category: Spirits
Sub category: Whisk(e)y
alc./vol: 46"
https://www.diffordsguide.com/beer-wine-spirits/1285/glenfiddich-15-year-old-solera,https://cdn.diffords.com/contrib/bws/2017/10/59db86ed72577.jpg,Glenfiddich 15 Year Old Solera,"Category: Spirits
Sub category: Whisk(e)y
alc./vol: 40"
https://www.diffordsguide.com/beer-wine-spirits/1290/macallan-sherry-oak-18-year-old,https://cdn.diffords.com/contrib/bws/2017/10/59db871d253e1.jpg,Macallan Sherry Oak 18 Year Old,"Category: Spirits
Sub category: Whisk(e)y
alc./vol: 43"
https://www.diffordsguide.com/beer-wine-spirits/1292/laphroaig-10-year-old,https://cdn.diffords.com/contrib/bws/2017/10/59db87241d385.JPG,Laphroaig 10 Year Old,"Category: Spirits
Sub category: Whisk(e)y
alc./vol: 40"
https://www.diffordsguide.com/beer-wine-spirits/1298/glen-ord-12-year-old,https://cdn.diffords.com/images/themes/default-v5/beer_wine_spirits/no-bottle-small.jpg,Glen Ord 12 year-old,"Category: Spirits
Sub category: Whisk(e)y
alc./vol: 40"
https://www.diffordsguide.com/beer-wine-spirits/1303/macallan-fine-oak-10-year-old,https://cdn.diffords.com/contrib/bws/2017/10/59db872db1900.jpg,Macallan Fine Oak 10 Year Old,"Category: Spirits
Sub category: Whisk(e)y
alc./vol: 40"
https://www.diffordsguide.com/beer-wine-spirits/1304/macallan-fine-oak-15-year-old,https://cdn.diffords.com/contrib/bws/2017/10/59db872dcbd19.jpg,Macallan Fine Oak 15 Year Old,"Category: Spirits
Sub category: Whisk(e)y
alc./vol: 43"
https://www.diffordsguide.com/beer-wine-spirits/1348/glenmorangie-lasanta,https://cdn.diffords.com/contrib/bws/2017/10/59db875da3550.jpg,Glenmorangie Lasanta,"Category: Spirits
Sub category: Whisk(e)y
alc./vol: 46"
https://www.diffordsguide.com/beer-wine-spirits/1349/glenmorangie-quinta-ruban,https://cdn.diffords.com/contrib/bws/2017/10/59db875dc9060.jpg,Glenmorangie Quinta Ruban,"Category: Spirits
Sub category: Whisk(e)y
alc./vol: 46"
https://www.diffordsguide.com/beer-wine-spirits/1350/the-dalmore-12-year-old,https://cdn.diffords.com/images/themes/default-v5/beer_wine_spirits/no-bottle-small.jpg,The Dalmore 12 Year Old,"Category: Spirits
Sub category: Whisk(e)y
alc./vol: 40"
https://www.diffordsguide.com/beer-wine-spirits/1352/the-dalmore-king-alexander-iii-1263,https://cdn.diffords.com/contrib/bws/2017/10/59db875fbbcd3.jpg,The Dalmore King Alexander III 1263,"Category: Spirits
Sub category: Whisk(e)y
alc./vol: 40"
https://www.diffordsguide.com/beer-wine-spirits/1356/glenfarclas-10-year-old,https://cdn.diffords.com/contrib/bws/2017/10/59db876892bb6.jpg,Glenfarclas 10 Year Old,"Category: Spirits
Sub category: Whisk(e)y
alc./vol: 40"
https://www.diffordsguide.com/beer-wine-spirits/1358/macallan-fine-oak-30-year-old,https://cdn.diffords.com/contrib/bws/2017/10/59db876b1c697.jpg,Macallan Fine Oak 30 Year Old,"Category: Spirits
Sub category: Whisk(e)y
alc./vol: 43"
https://www.diffordsguide.com/beer-wine-spirits/1359/the-singleton-of-dufftown-15-year-old,https://cdn.diffords.com/images/themes/default-v5/beer_wine_spirits/no-bottle-small.jpg,The Singleton of Dufftown 15 Year Old,"Category: Spirits
Sub category: Whisk(e)y
alc./vol: 40"
https://www.diffordsguide.com/beer-wine-spirits/1748/edradour-10-year-old,https://cdn.diffords.com/contrib/bws/2017/10/59db899d2ab7d.jpg,Edradour 10 Year Old,"Category: Spirits
Sub category: Whisk(e)y
alc./vol: 40"
https://www.diffordsguide.com/beer-wine-spirits/1753/glenugie-1977-deoch-an-doras,https://cdn.diffords.com/contrib/bws/2017/10/59db89b38e477.jpg,Glenugie 1977 Deoch an Doras,"Category: Spirits
Sub category: Whisk(e)y
alc./vol: 55.5"
https://www.diffordsguide.com/beer-wine-spirits/1756/longrow-10-year-old,https://cdn.diffords.com/images/themes/default-v5/beer_wine_spirits/no-bottle-small.jpg,Longrow 10 Year Old,"Category: Spirits
Sub category: Whisk(e)y
alc./vol: 46"
https://www.diffordsguide.com/beer-wine-spirits/1812/the-balvenie-40-year-old-batch-two,https://cdn.diffords.com/images/themes/default-v5/beer_wine_spirits/no-bottle-small.jpg,The Balvenie 40 Year Old Batch Two,"Category: Spirits
Sub category: Whisk(e)y
alc./vol: 48.5"
https://www.diffordsguide.com/beer-wine-spirits/1813/auchentoshan-1998,https://cdn.diffords.com/contrib/bws/2017/10/59db8a1e118df.jpg,Auchentoshan 1998,"Category: Spirits
Sub category: Whisk(e)y
alc./vol: 54.6"
https://www.diffordsguide.com/beer-wine-spirits/1932/glenfiddich-30-year-old,https://cdn.diffords.com/contrib/bws/2017/10/59db8ab6d16d4.jpg,Glenfiddich 30 Year Old,"Category: Spirits
Sub category: Whisk(e)y
alc./vol: 40"
https://www.diffordsguide.com/beer-wine-spirits/1933/glenfiddich-40-year-old-rare-collection,https://cdn.diffords.com/images/themes/default-v5/beer_wine_spirits/no-bottle-small.jpg,Glenfiddich 40 Year Old Rare Collection,"Category: Spirits
Sub category: Whisk(e)y
alc./vol: 45.8"
https://www.diffordsguide.com/beer-wine-spirits/1934/glenisla,https://cdn.diffords.com/images/themes/default-v5/beer_wine_spirits/no-bottle-small.jpg,Glenisla,"Category: Spirits
Sub category: Whisk(e)y
alc./vol: 40"
https://www.diffordsguide.com/beer-wine-spirits/1943/glen-grant-5-year-old,https://cdn.diffords.com/contrib/bws/2017/10/59db8ab9f2af9.jpg,Glen Grant 5 Year Old,"Category: Spirits
Sub category: Whisk(e)y
alc./vol: 40"
https://www.diffordsguide.com/beer-wine-spirits/1966/glenfiddich-50-year-old,https://cdn.diffords.com/contrib/bws/2017/10/59db8ac6cc190.jpg,Glenfiddich 50 Year Old,"Category: Spirits
Sub category: Whisk(e)y
alc./vol: 43.5"
https://www.diffordsguide.com/beer-wine-spirits/1967/highland-park-25-year-old,https://cdn.diffords.com/contrib/bws/2017/10/59db8ac7d3b41.jpg,Highland Park 25 Year Old,"Category: Spirits
Sub category: Whisk(e)y
alc./vol: 48.1"
https://www.diffordsguide.com/beer-wine-spirits/1968/highland-park-bicentenary-vintage-1977,https://cdn.diffords.com/contrib/bws/2017/10/59db8aca78e74.jpg,Highland Park Bicentenary Vintage 1977,"Category: Spirits
Sub category: Whisk(e)y
alc./vol: 40"
https://www.diffordsguide.com/beer-wine-spirits/1969/highland-park-1958-vintage,https://cdn.diffords.com/images/themes/default-v5/beer_wine_spirits/no-bottle-small.jpg,Highland Park 1958 Vintage,"Category: Spirits
Sub category: Whisk(e)y
alc./vol: 44"
https://www.diffordsguide.com/beer-wine-spirits/2007/the-dalmore-gran-reserva,https://cdn.diffords.com/images/themes/default-v5/beer_wine_spirits/no-bottle-small.jpg,The Dalmore Gran Reserva,"Category: Spirits
Sub category: Whisk(e)y
alc./vol: 40"
https://www.diffordsguide.com/beer-wine-spirits/2101/the-glenlivet-helios,https://cdn.diffords.com/contrib/bws/2017/10/59db8b5b78b99.jpg,The Glenlivet Helios,"Category: Spirits
Sub category: Whisk(e)y
alc./vol:"
https://www.diffordsguide.com/beer-wine-spirits/2102/the-glenlivet-josie,https://cdn.diffords.com/contrib/bws/2017/10/59db8b5babdde.jpg,The Glenlivet Josie,"Category: Spirits
Sub category: Whisk(e)y
alc./vol:"
https://www.diffordsguide.com/beer-wine-spirits/2183/glenfiddich-cask-of-dreams,https://cdn.diffords.com/images/themes/default-v5/beer_wine_spirits/no-bottle-small.jpg,Glenfiddich Cask of Dreams,"Category: Spirits
Sub category: Whisk(e)y
alc./vol: 48.8"
https://www.diffordsguide.com/beer-wine-spirits/2197/glenfiddich-janet-sheed-roberts-reserve,https://cdn.diffords.com/contrib/bws/2017/10/59db8bb01938c.jpg,Glenfiddich Janet Sheed Roberts Reserve,"Category: Spirits
Sub category: Whisk(e)y
alc./vol: 44.4"
https://www.diffordsguide.com/beer-wine-spirits/2327/bowmore-1983,https://cdn.diffords.com/images/themes/default-v5/beer_wine_spirits/no-bottle-small.jpg,Bowmore 1983,"Category: Spirits
Sub category: Whisk(e)y
alc./vol: 55.6"
https://www.diffordsguide.com/beer-wine-spirits/2402/laphroaig-px-cask,https://cdn.diffords.com/images/themes/default-v5/beer_wine_spirits/no-bottle-small.jpg,Laphroaig PX Cask,"Category: Spirits
Sub category: Whisk(e)y
alc./vol: 48"
https://www.diffordsguide.com/beer-wine-spirits/2575/glengoyne-auld-enemy-dram,https://cdn.diffords.com/contrib/bws/2017/10/59db8d3c32938.jpg,Glengoyne Auld Enemy Dram,"Category: Spirits
Sub category: Whisk(e)y
alc./vol:"
https://www.diffordsguide.com/beer-wine-spirits/2576/speyburn-bourbon-cask,https://cdn.diffords.com/contrib/bws/2024/09/66fa91ab59429.png,Speyburn Bourbon Cask,"Category: Spirits
Sub category: Whisk(e)y
alc./vol: 40"
https://www.diffordsguide.com/beer-wine-spirits/2594/the-glenlivet-helios-single-cask-20-year-old,https://cdn.diffords.com/images/themes/default-v5/beer_wine_spirits/no-bottle-small.jpg,The Glenlivet Helios Single Cask 20 Year Old,"Category: Spirits
Sub category: Whisk(e)y
alc./vol: 50.7"
https://www.diffordsguide.com/beer-wine-spirits/2595/the-glenlivet-josie-single-cask-17-year-old,https://cdn.diffords.com/images/themes/default-v5/beer_wine_spirits/no-bottle-small.jpg,The Glenlivet Josie Single Cask 17 Year Old,"Category: Spirits
Sub category: Whisk(e)y
alc./vol: 57.5"
https://www.diffordsguide.com/beer-wine-spirits/2596/the-glenlivet-kilimanjaro-single-cask-15-year-old,https://cdn.diffords.com/contrib/bws/2017/10/59db8d54ed13e.jpg,The Glenlivet Kilimanjaro Single Cask 15 Year Old,"Category: Spirits
Sub category: Whisk(e)y
alc./vol: 58.2"
https://www.diffordsguide.com/beer-wine-spirits/2597/the-glenlivet-legacy-single-cask-16-year-old,https://cdn.diffords.com/contrib/bws/2017/10/59db8d55b237a.jpg,The Glenlivet Legacy Single Cask 16 Year Old,"Category: Spirits
Sub category: Whisk(e)y
alc./vol: 52.8"
https://www.diffordsguide.com/beer-wine-spirits/2598/the-glenlivet-inveravon-single-cask-21-year-old,https://cdn.diffords.com/images/themes/default-v5/beer_wine_spirits/no-bottle-small.jpg,The Glenlivet Inveravon Single Cask 21 Year Old,"Category: Spirits
Sub category: Whisk(e)y
alc./vol: 54.6"
https://www.diffordsguide.com/beer-wine-spirits/2861/glenglassaugh-45-year-old,https://cdn.diffords.com/contrib/bws/2017/10/59db8ea0acfec.jpg,Glenglassaugh 45 Year Old,"Category: Spirits
Sub category: Whisk(e)y
alc./vol: 49.2"
https://www.diffordsguide.com/beer-wine-spirits/2865/bowmore-1964-single-malt-whisky,https://cdn.diffords.com/images/themes/default-v5/beer_wine_spirits/no-bottle-small.jpg,Bowmore 1964 Single Malt Whisky,"Category: Spirits
Sub category: Whisk(e)y
alc./vol: 52.3"
https://www.diffordsguide.com/beer-wine-spirits/2912/highland-park-50-year-old,https://cdn.diffords.com/contrib/bws/2017/10/59db8ede81aa4.jpg,Highland Park 50 Year Old,"Category: Spirits
Sub category: Whisk(e)y
alc./vol: 44.8"
https://www.diffordsguide.com/beer-wine-spirits/3052/the-balvenie-21-year-old-port-wood-finish,https://cdn.diffords.com/images/themes/default-v5/beer_wine_spirits/no-bottle-small.jpg,The Balvenie 21 Year Old Port Wood Finish,"Category: Spirits
Sub category: Whisk(e)y
alc./vol: 40"
https://www.diffordsguide.com/beer-wine-spirits/3053/the-balvenie-islay-cask-17-year-old,https://cdn.diffords.com/images/themes/default-v5/beer_wine_spirits/no-bottle-small.jpg,The Balvenie Islay Cask 17 Year Old,"Category: Spirits
Sub category: Whisk(e)y
alc./vol: 40"
https://www.diffordsguide.com/beer-wine-spirits/3100/bowmore-1957-54-years-old,https://cdn.diffords.com/contrib/bws/2017/10/59db8fd7eab88.jpg,Bowmore 1957 (54 Years Old),"Category: Spirits
Sub category: Whisk(e)y
alc./vol: 42.1"
https://www.diffordsguide.com/beer-wine-spirits/3200/the-glenrothes-1970-extraordinary-cask-10573,https://cdn.diffords.com/contrib/bws/2017/10/59db909ba7db7.jpg,The Glenrothes 1970 Extraordinary Cask #10573,"Category: Spirits
Sub category: Whisk(e)y
alc./vol:"
https://www.diffordsguide.com/beer-wine-spirits/3380/glenmorangie-25-year-old-quarter-century,https://cdn.diffords.com/images/themes/default-v5/beer_wine_spirits/no-bottle-small.jpg,Glenmorangie 25 Year Old / Quarter Century,"Category: Spirits
Sub category: Whisk(e)y
alc./vol: 40"
https://www.diffordsguide.com/beer-wine-spirits/3392/caol-ila-14yo-upeated-special-release-bot-2012,https://cdn.diffords.com/images/themes/default-v5/beer_wine_spirits/no-bottle-small.jpg,Caol Ila 14yo Upeated Special Release (bot 2012),"Category: Spirits
Sub category: Whisk(e)y
alc./vol: 59.3"
https://www.diffordsguide.com/beer-wine-spirits/3393/caol-ila-18-year-old-islay-malt-whisky,https://cdn.diffords.com/contrib/bws/2023/01/63b58b91ac99e.jpg,Caol Ila 18 Year Old Islay Malt Whisky,"Category: Spirits
Sub category: Whisk(e)y
alc./vol: 40"
https://www.diffordsguide.com/beer-wine-spirits/3837/jura-turas-mara,https://cdn.diffords.com/contrib/bws/2017/10/59db93e315e3b.jpg,Jura Turas-Mara,"Category: Spirits
Sub category: Whisk(e)y
alc./vol: 42"
https://www.diffordsguide.com/beer-wine-spirits/4205/aberlour-10-year-old,https://cdn.diffords.com/images/themes/default-v5/beer_wine_spirits/no-bottle-small.jpg,Aberlour 10 Year Old,"Category: Spirits
Sub category: Whisk(e)y
alc./vol: 40"
https://www.diffordsguide.com/beer-wine-spirits/4735/glenfiddich-15-year-old,https://cdn.diffords.com/contrib/bws/2017/10/59db97ef49f18.jpg,Glenfiddich 15 Year Old,"Category: Spirits
Sub category: Whisk(e)y
alc./vol: 40"
https://www.diffordsguide.com/beer-wine-spirits/5044/tamdhu-batch-strength,https://cdn.diffords.com/contrib/bws/2017/10/59db995c77c8a.jpeg,Tamdhu Batch Strength,"Category: Spirits
Sub category: Whisk(e)y
alc./vol:"
https://www.diffordsguide.com/beer-wine-spirits/5805/bowmore-15-year-old,https://cdn.diffords.com/contrib/bws/2017/10/59db9f6a57289.jpg,Bowmore 15 Year Old,"Category: Spirits
Sub category: Whisk(e)y
alc./vol: 40"
https://www.diffordsguide.com/beer-wine-spirits/5806/bowmore-25-year-old,https://cdn.diffords.com/contrib/bws/2017/10/59db9f726e91c.jpg,Bowmore 25 Year Old,"Category: Spirits
Sub category: Whisk(e)y
alc./vol: 40"
https://www.diffordsguide.com/beer-wine-spirits/5807/bowmore-no1,https://cdn.diffords.com/contrib/bws/2017/10/59db9f7cf11bf.jpg,Bowmore No.1,"Category: Spirits
Sub category: Whisk(e)y
alc./vol: 40"
https://www.diffordsguide.com/beer-wine-spirits/5970/highland-park-10-year-old,https://cdn.diffords.com/contrib/bws/2017/10/59dba115571bb.jpg,Highland Park 10 Year Old,"Category: Spirits
Sub category: Whisk(e)y
alc./vol: 40"
https://www.diffordsguide.com/beer-wine-spirits/6900/ardbeg-wee-beastie-5-year-old,https://cdn.diffords.com/contrib/bws/2020/12/5fed8531cf894.jpg,Ardbeg Wee Beastie 5 Year Old,"Category: Spirits
Sub category: Whisk(e)y
alc./vol: 47.4"
https://www.diffordsguide.com/beer-wine-spirits/6934/monkey-shoulder-smokey-monkey,https://cdn.diffords.com/contrib/bws/2021/02/601e6feaf3539.jpg,Monkey Shoulder Smokey Monkey,"Category: Spirits
Sub category: Whisk(e)y
alc./vol: 40"
https://www.diffordsguide.com/beer-wine-spirits/7067/the-glenlivet-caribbean-reserve,https://cdn.diffords.com/contrib/bws/2021/06/60c8d9e087708.jpg,The Glenlivet Caribbean Reserve,"Category: Spirits
Sub category: Whisk(e)y
alc./vol: 40"
https://www.diffordsguide.com/beer-wine-spirits/7557/x-by-glenmorangie,https://cdn.diffords.com/contrib/bws/2022/07/62bf5509d963e.jpg,X by Glenmorangie,"Category: Spirits
Sub category: Whisk(e)y
alc./vol: 40"
https://www.diffordsguide.com/beer-wine-spirits/7719/the-macallan-ruby,https://cdn.diffords.com/contrib/bws/2022/10/635ee2f2b6dbf.jpg,The Macallan Ruby,"Category: Spirits
Sub category: Whisk(e)y
alc./vol:"
https://www.diffordsguide.com/beer-wine-spirits/7778/torabhaig-allt-gleann-single-malt,https://cdn.diffords.com/contrib/bws/2022/12/63b07308ccd73.jpg,Torabhaig Allt Gleann Single Malt,"Category: Spirits
Sub category: Whisk(e)y
alc./vol:"
https://www.diffordsguide.com/beer-wine-spirits/7950/sacred-english-peated-whisky,https://cdn.diffords.com/contrib/bws/2023/05/644f93959d245.jpg,Sacred English Peated Whisky,"Category: Spirits
Sub category: Whisk(e)y
alc./vol: 48"
https://www.diffordsguide.com/beer-wine-spirits/8275/copper-dog-speyside-whisky,https://cdn.diffords.com/contrib/bws/2023/12/6586cf1d67eb0.jpg,Copper Dog Speyside Whisky,"Category: Spirits
Sub category: Whisk(e)y
alc./vol: 40"
https://www.diffordsguide.com/beer-wine-spirits/8341/macallan-12-year-old-double-cask,https://cdn.diffords.com/contrib/bws/2024/01/65b3d7ebbd2c5.jpg,Macallan 12 Year Old Double Cask,"Category: Spirits
Sub category: Whisk(e)y
alc./vol: 40"
https://www.diffordsguide.com/beer-wine-spirits/8437/torabhaig-cnoc-na-moine,https://cdn.diffords.com/contrib/bws/2024/03/65f8434298375.jpg,Torabhaig Cnoc Na Mòine,"Category: Spirits
Sub category: Whisk(e)y
alc./vol: 46"
https://www.diffordsguide.com/beer-wine-spirits/8439/fettercairn-18-year-old,https://cdn.diffords.com/contrib/bws/2024/03/65fa9e2149c25.jpg,Fettercairn 18 Year Old,"Category: Spirits
Sub category: Whisk(e)y
alc./vol: 46.8"
https://www.diffordsguide.com/beer-wine-spirits/9126/speyburn-rum-cask-finish,https://cdn.diffords.com/contrib/bws/2024/09/66fa99a728a38.png,Speyburn Rum Cask Finish,"Category: Spirits
Sub category: Whisk(e)y
alc./vol: 40"
